code,name,discipline_id,type,full_time,alias,remark,created_at,updated_at,sort_order,deleted_at
010101,马克思主义哲学,1.0,学硕,1,,,2026-04-18 00:09:21,2026-04-18 00:09:21,1,
010102,中国哲学,1.0,学硕,1,,,2026-04-18 00:09:21,2026-04-18 00:09:21,2,
010103,外国哲学,1.0,学硕,1,,,2026-04-18 00:09:21,2026-04-18 00:09:21,3,
010104,逻辑学,1.0,学硕,1,,,2026-04-18 00:09:21,2026-04-18 00:09:21,4,
010105,伦理学,1.0,学硕,1,,,2026-04-18 00:09:21,2026-04-18 00:09:21,5,
010106,美学,1.0,学硕,1,,,2026-04-18 00:09:21,2026-04-18 00:09:21,6,
010107,宗教学,1.0,学硕,1,,,2026-04-18 00:09:21,2026-04-18 00:09:21,7,
010108,科学技术哲学,1.0,学硕,1,,,2026-04-18 00:09:21,2026-04-18 00:09:21,8,
010100,哲学,1.0,学硕,1,,,2026-04-18 00:09:21,2026-04-18 00:09:21,9,
,0101J1,1.0,学硕,1,,,2026-04-18 00:09:21,2026-04-18 00:09:21,10,
020101,政治经济学,2.0,学硕,1,,,2026-04-18 00:09:21,2026-04-18 00:09:21,11,
020104,西方经济学,2.0,学硕,1,,,2026-04-18 00:09:21,2026-04-18 00:09:21,12,
020100,理论经济学,2.0,学硕,1,,,2026-04-18 00:09:21,2026-04-18 00:09:21,13,
020106,人口、资源与环境经济学,2.0,学硕,1,,,2026-04-18 00:09:21,2026-04-18 00:09:21,14,
020102,经济思想史,2.0,学硕,1,,,2026-04-18 00:09:21,2026-04-18 00:09:21,15,
020103,经济史,2.0,学硕,1,,,2026-04-18 00:09:21,2026-04-18 00:09:21,16,
020105,世界经济,2.0,学硕,1,,,2026-04-18 00:09:21,2026-04-18 00:09:21,17,
020202,区域经济学,3.0,学硕,1,,,2026-04-18 00:09:21,2026-04-18 00:09:21,18,
020200,应用经济学,3.0,学硕,1,,,2026-04-18 00:09:21,2026-04-18 00:09:21,19,
020207,劳动经济学,3.0,学硕,1,,,2026-04-18 00:09:21,2026-04-18 00:09:21,20,
020204,金融学,3.0,学硕,1,,,2026-04-18 00:09:21,2026-04-18 00:09:21,21,
020205,产业经济学,3.0,学硕,1,,,2026-04-18 00:09:21,2026-04-18 00:09:21,22,
020206,国际贸易学,3.0,学硕,1,,,2026-04-18 00:09:21,2026-04-18 00:09:21,23,
020203,财政学,3.0,学硕,1,,,2026-04-18 00:09:21,2026-04-18 00:09:21,24,
020209,数量经济学,3.0,学硕,1,,,2026-04-18 00:09:21,2026-04-18 00:09:21,25,
020201,国民经济学,3.0,学硕,1,,,2026-04-18 00:09:21,2026-04-18 00:09:21,26,
020210,国防经济,3.0,学硕,1,,,2026-04-18 00:09:21,2026-04-18 00:09:21,27,
020208,统计学,3.0,学硕,1,,,2026-04-18 00:09:21,2026-04-18 00:09:21,28,
027000,统计学,4.0,学硕,1,,,2026-04-18 00:09:21,2026-04-18 00:09:21,29,
030101,法学理论,5.0,学硕,1,,,2026-04-18 00:09:21,2026-04-18 00:09:21,30,
030102,法律史,5.0,学硕,1,,,2026-04-18 00:09:21,2026-04-18 00:09:21,31,
030103,宪法学与行政法学,5.0,学硕,1,,,2026-04-18 00:09:21,2026-04-18 00:09:21,32,
030104,刑法学,5.0,学硕,1,,,2026-04-18 00:09:21,2026-04-18 00:09:21,33,
030105,民商法学,5.0,学硕,1,,,2026-04-18 00:09:21,2026-04-18 00:09:21,34,
030106,诉讼法学,5.0,学硕,1,,,2026-04-18 00:09:21,2026-04-18 00:09:21,35,
030107,经济法学,5.0,学硕,1,,,2026-04-18 00:09:21,2026-04-18 00:09:21,36,
030100,法学,5.0,学硕,1,,,2026-04-18 00:09:21,2026-04-18 00:09:21,37,
030108,环境与资源保护法学,5.0,学硕,1,,,2026-04-18 00:09:21,2026-04-18 00:09:21,38,
030109,国际法学,5.0,学硕,1,,,2026-04-18 00:09:21,2026-04-18 00:09:21,39,
030110,军事法学,5.0,学硕,1,,,2026-04-18 00:09:21,2026-04-18 00:09:21,40,
030203,科学社会主义与国际共产主义运动,6.0,学硕,1,,,2026-04-18 00:09:21,2026-04-18 00:09:21,41,
030204,中共党史,6.0,学硕,1,,,2026-04-18 00:09:21,2026-04-18 00:09:21,42,
030206,国际政治,6.0,学硕,1,,,2026-04-18 00:09:21,2026-04-18 00:09:21,43,
030207,国际关系,6.0,学硕,1,,,2026-04-18 00:09:21,2026-04-18 00:09:21,44,
030208,外交学,6.0,学硕,1,,,2026-04-18 00:09:21,2026-04-18 00:09:21,45,
030201,政治学理论,6.0,学硕,1,,,2026-04-18 00:09:21,2026-04-18 00:09:21,46,
030200,政治学,6.0,学硕,1,,,2026-04-18 00:09:21,2026-04-18 00:09:21,47,
030202,中外政治制度,6.0,学硕,1,,,2026-04-18 00:09:21,2026-04-18 00:09:21,48,
030301,社会学,7.0,学硕,1,,,2026-04-18 00:09:21,2026-04-18 00:09:21,49,
030303,人类学,7.0,学硕,1,,,2026-04-18 00:09:21,2026-04-18 00:09:21,50,
030300,社会学,7.0,学硕,1,,,2026-04-18 00:09:21,2026-04-18 00:09:21,51,
030302,人口学,7.0,学硕,1,,,2026-04-18 00:09:21,2026-04-18 00:09:21,52,
030304,民俗学,7.0,学硕,1,,,2026-04-18 00:09:21,2026-04-18 00:09:21,53,
030405,中国少数民族艺术,8.0,学硕,1,,,2026-04-18 00:09:21,2026-04-18 00:09:21,54,
030403,中国少数民族经济,8.0,学硕,1,,,2026-04-18 00:09:21,2026-04-18 00:09:21,55,
030401,民族学,8.0,学硕,1,,,2026-04-18 00:09:21,2026-04-18 00:09:21,56,
030402,马克思主义民族理论与政策,8.0,学硕,1,,,2026-04-18 00:09:21,2026-04-18 00:09:21,57,
030404,中国少数民族史,8.0,学硕,1,,,2026-04-18 00:09:21,2026-04-18 00:09:21,58,
030400,民族学,8.0,学硕,1,,,2026-04-18 00:09:21,2026-04-18 00:09:21,59,
030501,马克思主义基本原理,9.0,学硕,1,,,2026-04-18 00:09:21,2026-04-18 00:09:21,60,
030502,马克思主义发展史,9.0,学硕,1,,,2026-04-18 00:09:21,2026-04-18 00:09:21,61,
030504,国外马克思主义研究,9.0,学硕,1,,,2026-04-18 00:09:21,2026-04-18 00:09:21,62,
030505,思想政治教育,9.0,学硕,1,,,2026-04-18 00:09:21,2026-04-18 00:09:21,63,
030506,中国近现代史基本问题研究,9.0,学硕,1,,,2026-04-18 00:09:21,2026-04-18 00:09:21,64,
030500,马克思主义理论,9.0,学硕,1,,,2026-04-18 00:09:21,2026-04-18 00:09:21,65,
030503,马克思主义中国化研究,9.0,学硕,1,,,2026-04-18 00:09:21,2026-04-18 00:09:21,66,
030600,公安学,10.0,学硕,1,,,2026-04-18 00:09:21,2026-04-18 00:09:21,67,
030700,中共党史党建学,11.0,学硕,1,,,2026-04-18 00:09:21,2026-04-18 00:09:21,68,
039902,非物质文化遗产学,,学硕,1,,,2026-04-18 00:09:21,2026-04-18 00:09:21,69,
039901,知识产权学,,学硕,1,,,2026-04-18 00:09:21,2026-04-18 00:09:21,70,
040101,教育学原理,12.0,学硕,1,,,2026-04-18 00:09:21,2026-04-18 00:09:21,71,
040106,高等教育学,12.0,学硕,1,,,2026-04-18 00:09:21,2026-04-18 00:09:21,72,
040110,教育技术学,12.0,学硕,1,,,2026-04-18 00:09:21,2026-04-18 00:09:21,73,
040100,教育学,12.0,学硕,1,,,2026-04-18 00:09:21,2026-04-18 00:09:21,74,
040102,课程与教学论,12.0,学硕,1,,,2026-04-18 00:09:21,2026-04-18 00:09:21,75,
040103,教育史,12.0,学硕,1,,,2026-04-18 00:09:21,2026-04-18 00:09:21,76,
040104,比较教育学,12.0,学硕,1,,,2026-04-18 00:09:21,2026-04-18 00:09:21,77,
040105,学前教育学,12.0,学硕,1,,,2026-04-18 00:09:21,2026-04-18 00:09:21,78,
040107,成人教育学,12.0,学硕,1,,,2026-04-18 00:09:21,2026-04-18 00:09:21,79,
040108,职业技术教育学,12.0,学硕,1,,,2026-04-18 00:09:21,2026-04-18 00:09:21,80,
040109,特殊教育学,12.0,学硕,1,,,2026-04-18 00:09:21,2026-04-18 00:09:21,81,
040111,教育法学,12.0,学硕,1,,,2026-04-18 00:09:21,2026-04-18 00:09:21,82,
040200,心理学,13.0,学硕,1,,,2026-04-18 00:09:21,2026-04-18 00:09:21,83,
040201,基础心理学,13.0,学硕,1,,,2026-04-18 00:09:21,2026-04-18 00:09:21,84,
040202,发展与教育心理学,13.0,学硕,1,,,2026-04-18 00:09:21,2026-04-18 00:09:21,85,
040203,应用心理学,13.0,学硕,1,,,2026-04-18 00:09:21,2026-04-18 00:09:21,86,
040300,体育学,14.0,学硕,1,,,2026-04-18 00:09:21,2026-04-18 00:09:21,87,
040301,体育人文社会学,14.0,学硕,1,,,2026-04-18 00:09:21,2026-04-18 00:09:21,88,
040302,运动人体科学,14.0,学硕,1,,,2026-04-18 00:09:21,2026-04-18 00:09:21,89,
040303,体育教育训练学,14.0,学硕,1,,,2026-04-18 00:09:21,2026-04-18 00:09:21,90,
040304,民族传统体育学,14.0,学硕,1,,,2026-04-18 00:09:21,2026-04-18 00:09:21,91,
047101,教育经济与管理,,学硕,1,,,2026-04-18 00:09:21,2026-04-18 00:09:21,92,
050101,文艺学,15.0,学硕,1,,,2026-04-18 00:09:21,2026-04-18 00:09:21,93,
050102,语言学及应用语言学,15.0,学硕,1,,,2026-04-18 00:09:21,2026-04-18 00:09:21,94,
050103,汉语言文字学,15.0,学硕,1,,,2026-04-18 00:09:21,2026-04-18 00:09:21,95,
050104,中国古典文献学,15.0,学硕,1,,,2026-04-18 00:09:21,2026-04-18 00:09:21,96,
050105,中国古代文学,15.0,学硕,1,,,2026-04-18 00:09:21,2026-04-18 00:09:21,97,
050106,中国现当代文学,15.0,学硕,1,,,2026-04-18 00:09:21,2026-04-18 00:09:21,98,
050108,比较文学与世界文学,15.0,学硕,1,,,2026-04-18 00:09:21,2026-04-18 00:09:21,99,
050100,中国语言文学,15.0,学硕,1,,,2026-04-18 00:09:21,2026-04-18 00:09:21,100,
050107,中国少数民族语言文学,15.0,学硕,1,,,2026-04-18 00:09:21,2026-04-18 00:09:21,101,
050201,英语语言文学,16.0,学硕,1,,,2026-04-18 00:09:21,2026-04-18 00:09:21,102,
050202,俄语语言文学,16.0,学硕,1,,,2026-04-18 00:09:21,2026-04-18 00:09:21,103,
050203,法语语言文学,16.0,学硕,1,,,2026-04-18 00:09:21,2026-04-18 00:09:21,104,
050206,印度语言文学,16.0,学硕,1,,,2026-04-18 00:09:21,2026-04-18 00:09:21,105,
050207,西班牙语语言文学,16.0,学硕,1,,,2026-04-18 00:09:21,2026-04-18 00:09:21,106,
050210,亚非语言文学,16.0,学硕,1,,,2026-04-18 00:09:21,2026-04-18 00:09:21,107,
050211,外国语言学及应用语言学,16.0,学硕,1,,,2026-04-18 00:09:21,2026-04-18 00:09:21,108,
050204,德语语言文学,16.0,学硕,1,,,2026-04-18 00:09:21,2026-04-18 00:09:21,109,
050205,日语语言文学,16.0,学硕,1,,,2026-04-18 00:09:21,2026-04-18 00:09:21,110,
050200,外国语言文学,16.0,学硕,1,,,2026-04-18 00:09:21,2026-04-18 00:09:21,111,
050209,欧洲语言文学,16.0,学硕,1,,,2026-04-18 00:09:21,2026-04-18 00:09:21,112,
050208,阿拉伯语语言文学,16.0,学硕,1,,,2026-04-18 00:09:21,2026-04-18 00:09:21,113,
050300,新闻传播学,17.0,学硕,1,,,2026-04-18 00:09:21,2026-04-18 00:09:21,114,
050302,传播学,17.0,学硕,1,,,2026-04-18 00:09:21,2026-04-18 00:09:21,115,
050301,新闻学,17.0,学硕,1,,,2026-04-18 00:09:21,2026-04-18 00:09:21,116,
060100,考古学,18.0,学硕,1,,,2026-04-18 00:09:21,2026-04-18 00:09:21,117,
060200,中国史,19.0,学硕,1,,,2026-04-18 00:09:21,2026-04-18 00:09:21,118,
060300,世界史,20.0,学硕,1,,,2026-04-18 00:09:21,2026-04-18 00:09:21,119,
070101,基础数学,21.0,学硕,1,,,2026-04-18 00:09:21,2026-04-18 00:09:21,120,
070100,数学,21.0,学硕,1,,,2026-04-18 00:09:21,2026-04-18 00:09:21,121,
070104,应用数学,21.0,学硕,1,,,2026-04-18 00:09:21,2026-04-18 00:09:21,122,
070105,运筹学与控制论,21.0,学硕,1,,,2026-04-18 00:09:21,2026-04-18 00:09:21,123,
070102,计算数学,21.0,学硕,1,,,2026-04-18 00:09:21,2026-04-18 00:09:21,124,
070103,概率论与数理统计,21.0,学硕,1,,,2026-04-18 00:09:21,2026-04-18 00:09:21,125,
070202,粒子物理与原子核物理,22.0,学硕,1,,,2026-04-18 00:09:21,2026-04-18 00:09:21,126,
070204,等离子体物理,22.0,学硕,1,,,2026-04-18 00:09:21,2026-04-18 00:09:21,127,
070200,物理学,22.0,学硕,1,,,2026-04-18 00:09:21,2026-04-18 00:09:21,128,
070201,理论物理,22.0,学硕,1,,,2026-04-18 00:09:21,2026-04-18 00:09:21,129,
070205,凝聚态物理,22.0,学硕,1,,,2026-04-18 00:09:21,2026-04-18 00:09:21,130,
070207,光学,22.0,学硕,1,,,2026-04-18 00:09:21,2026-04-18 00:09:21,131,
070203,原子与分子物理,22.0,学硕,1,,,2026-04-18 00:09:21,2026-04-18 00:09:21,132,
070206,声学,22.0,学硕,1,,,2026-04-18 00:09:21,2026-04-18 00:09:21,133,
070208,无线电物理,22.0,学硕,1,,,2026-04-18 00:09:21,2026-04-18 00:09:21,134,
070300,化学,23.0,学硕,1,,,2026-04-18 00:09:21,2026-04-18 00:09:21,135,
070301,无机化学,23.0,学硕,1,,,2026-04-18 00:09:21,2026-04-18 00:09:21,136,
070305,高分子化学与物理,23.0,学硕,1,,,2026-04-18 00:09:21,2026-04-18 00:09:21,137,
070303,有机化学,23.0,学硕,1,,,2026-04-18 00:09:21,2026-04-18 00:09:21,138,
070302,分析化学,23.0,学硕,1,,,2026-04-18 00:09:21,2026-04-18 00:09:21,139,
070304,物理化学,23.0,学硕,1,,,2026-04-18 00:09:21,2026-04-18 00:09:21,140,
070400,天文学,24.0,学硕,1,,,2026-04-18 00:09:21,2026-04-18 00:09:21,141,
070401,天体物理,24.0,学硕,1,,,2026-04-18 00:09:21,2026-04-18 00:09:21,142,
070402,天体测量与天体力学,24.0,学硕,1,,,2026-04-18 00:09:21,2026-04-18 00:09:21,143,
070503,地图学与地理信息系统,25.0,学硕,1,,,2026-04-18 00:09:21,2026-04-18 00:09:21,144,
070501,自然地理学,25.0,学硕,1,,,2026-04-18 00:09:21,2026-04-18 00:09:21,145,
070502,人文地理学,25.0,学硕,1,,,2026-04-18 00:09:21,2026-04-18 00:09:21,146,
070500,地理学,25.0,学硕,1,,,2026-04-18 00:09:21,2026-04-18 00:09:21,147,
070601,气象学,26.0,学硕,1,,,2026-04-18 00:09:21,2026-04-18 00:09:21,148,
070602,大气物理学与大气环境,26.0,学硕,1,,,2026-04-18 00:09:21,2026-04-18 00:09:21,149,
070600,大气科学,26.0,学硕,1,,,2026-04-18 00:09:21,2026-04-18 00:09:21,150,
070700,海洋科学,27.0,学硕,1,,,2026-04-18 00:09:21,2026-04-18 00:09:21,151,
070701,物理海洋学,27.0,学硕,1,,,2026-04-18 00:09:21,2026-04-18 00:09:21,152,
070702,海洋化学,27.0,学硕,1,,,2026-04-18 00:09:21,2026-04-18 00:09:21,153,
070703,海洋生物学,27.0,学硕,1,,,2026-04-18 00:09:21,2026-04-18 00:09:21,154,
070704,海洋地质,27.0,学硕,1,,,2026-04-18 00:09:21,2026-04-18 00:09:21,155,
070800,地球物理学,28.0,学硕,1,,,2026-04-18 00:09:21,2026-04-18 00:09:21,156,
070801,固体地球物理学,28.0,学硕,1,,,2026-04-18 00:09:21,2026-04-18 00:09:21,157,
070802,空间物理学,28.0,学硕,1,,,2026-04-18 00:09:21,2026-04-18 00:09:21,158,
070901,矿物学、岩石学、矿床学,29.0,学硕,1,,,2026-04-18 00:09:21,2026-04-18 00:09:21,159,
070902,地球化学,29.0,学硕,1,,,2026-04-18 00:09:21,2026-04-18 00:09:21,160,
070903,古生物学与地层学,29.0,学硕,1,,,2026-04-18 00:09:21,2026-04-18 00:09:21,161,
070904,构造地质学,29.0,学硕,1,,,2026-04-18 00:09:21,2026-04-18 00:09:21,162,
070900,地质学,29.0,学硕,1,,,2026-04-18 00:09:21,2026-04-18 00:09:21,163,
070905,第四纪地质学,29.0,学硕,1,,,2026-04-18 00:09:21,2026-04-18 00:09:21,164,
071000,生物学,30.0,学硕,1,,,2026-04-18 00:09:21,2026-04-18 00:09:21,165,
071001,植物学,30.0,学硕,1,,,2026-04-18 00:09:21,2026-04-18 00:09:21,166,
071002,动物学,30.0,学硕,1,,,2026-04-18 00:09:21,2026-04-18 00:09:21,167,
071005,微生物学,30.0,学硕,1,,,2026-04-18 00:09:21,2026-04-18 00:09:21,168,
071007,遗传学,30.0,学硕,1,,,2026-04-18 00:09:21,2026-04-18 00:09:21,169,
071009,细胞生物学,30.0,学硕,1,,,2026-04-18 00:09:21,2026-04-18 00:09:21,170,
071010,生物化学与分子生物学,30.0,学硕,1,,,2026-04-18 00:09:21,2026-04-18 00:09:21,171,
071011,生物物理学,30.0,学硕,1,,,2026-04-18 00:09:21,2026-04-18 00:09:21,172,
071003,生理学,30.0,学硕,1,,,2026-04-18 00:09:21,2026-04-18 00:09:21,173,
071006,神经生物学,30.0,学硕,1,,,2026-04-18 00:09:21,2026-04-18 00:09:21,174,
071008,发育生物学,30.0,学硕,1,,,2026-04-18 00:09:21,2026-04-18 00:09:21,175,
071004,水生生物学,30.0,学硕,1,,,2026-04-18 00:09:21,2026-04-18 00:09:21,176,
071100,系统科学,31.0,学硕,1,,,2026-04-18 00:09:21,2026-04-18 00:09:21,177,
071101,系统理论,31.0,学硕,1,,,2026-04-18 00:09:21,2026-04-18 00:09:21,178,
071102,系统分析与集成,31.0,学硕,1,,,2026-04-18 00:09:21,2026-04-18 00:09:21,179,
071200,科学技术史,32.0,学硕,1,,,2026-04-18 00:09:21,2026-04-18 00:09:21,180,
071300,生态学,33.0,学硕,1,,,2026-04-18 00:09:21,2026-04-18 00:09:21,181,
071400,统计学,34.0,学硕,1,,,2026-04-18 00:09:21,2026-04-18 00:09:21,182,
077101,基础心理学,35.0,学硕,1,,,2026-04-18 00:09:21,2026-04-18 00:09:21,183,
077100,心理学,35.0,学硕,1,,,2026-04-18 00:09:21,2026-04-18 00:09:21,184,
077102,发展与教育心理学,35.0,学硕,1,,,2026-04-18 00:09:21,2026-04-18 00:09:21,185,
077103,应用心理学,35.0,学硕,1,,,2026-04-18 00:09:21,2026-04-18 00:09:21,186,
077201,一般力学与力学基础,36.0,学硕,1,,,2026-04-18 00:09:21,2026-04-18 00:09:21,187,
077203,流体力学,36.0,学硕,1,,,2026-04-18 00:09:21,2026-04-18 00:09:21,188,
077200,力学,36.0,学硕,1,,,2026-04-18 00:09:21,2026-04-18 00:09:21,189,
077301,材料物理与化学,37.0,学硕,1,,,2026-04-18 00:09:21,2026-04-18 00:09:21,190,
077300,材料科学与工程,37.0,学硕,1,,,2026-04-18 00:09:21,2026-04-18 00:09:21,191,
077302,材料学,37.0,学硕,1,,,2026-04-18 00:09:21,2026-04-18 00:09:21,192,
077400,电子科学与技术,38.0,学硕,1,,,2026-04-18 00:09:21,2026-04-18 00:09:21,193,
077401,物理电子学,38.0,学硕,1,,,2026-04-18 00:09:21,2026-04-18 00:09:21,194,
077402,电路与系统,38.0,学硕,1,,,2026-04-18 00:09:21,2026-04-18 00:09:21,195,
077403,微电子学与固体电子学,38.0,学硕,1,,,2026-04-18 00:09:21,2026-04-18 00:09:21,196,
077500,计算机科学与技术,39.0,学硕,1,,,2026-04-18 00:09:21,2026-04-18 00:09:21,197,
077503,计算机应用技术,39.0,学硕,1,,,2026-04-18 00:09:21,2026-04-18 00:09:21,198,
077601,环境科学,40.0,学硕,1,,,2026-04-18 00:09:21,2026-04-18 00:09:21,199,
077602,环境工程,40.0,学硕,1,,,2026-04-18 00:09:21,2026-04-18 00:09:21,200,
077600,环境科学与工程,40.0,学硕,1,,,2026-04-18 00:09:21,2026-04-18 00:09:21,201,
077700,生物医学工程,41.0,学硕,1,,,2026-04-18 00:09:21,2026-04-18 00:09:21,202,
077806,放射医学,42.0,学硕,1,,,2026-04-18 00:09:21,2026-04-18 00:09:21,203,
077801,人体解剖与组织胚胎学,42.0,学硕,1,,,2026-04-18 00:09:21,2026-04-18 00:09:21,204,
077804,病理学与病理生理学,42.0,学硕,1,,,2026-04-18 00:09:21,2026-04-18 00:09:21,205,
077802,免疫学,42.0,学硕,1,,,2026-04-18 00:09:21,2026-04-18 00:09:21,206,
077803,病原生物学,42.0,学硕,1,,,2026-04-18 00:09:21,2026-04-18 00:09:21,207,
077800,基础医学,42.0,学硕,1,,,2026-04-18 00:09:21,2026-04-18 00:09:21,208,
077900,公共卫生与预防医学,43.0,学硕,1,,,2026-04-18 00:09:21,2026-04-18 00:09:21,209,
077901,流行病与卫生统计学,43.0,学硕,1,,,2026-04-18 00:09:21,2026-04-18 00:09:21,210,
077903,营养与食品卫生学,43.0,学硕,1,,,2026-04-18 00:09:21,2026-04-18 00:09:21,211,
078006,药理学,44.0,学硕,1,,,2026-04-18 00:09:21,2026-04-18 00:09:21,212,
078001,药物化学,44.0,学硕,1,,,2026-04-18 00:09:21,2026-04-18 00:09:21,213,
078002,药剂学,44.0,学硕,1,,,2026-04-18 00:09:21,2026-04-18 00:09:21,214,
078004,药物分析学,44.0,学硕,1,,,2026-04-18 00:09:21,2026-04-18 00:09:21,215,
078005,微生物与生化药学,44.0,学硕,1,,,2026-04-18 00:09:21,2026-04-18 00:09:21,216,
078000,药学,44.0,学硕,1,,,2026-04-18 00:09:21,2026-04-18 00:09:21,217,
078100,中药学,45.0,学硕,1,,,2026-04-18 00:09:21,2026-04-18 00:09:21,218,
078401,教育技术学,,学硕,1,,,2026-04-18 00:09:21,2026-04-18 00:09:21,219,
078601,农药学,,学硕,1,,,2026-04-18 00:09:21,2026-04-18 00:09:21,220,
079901,量子科学与技术,,学硕,1,,,2026-04-18 00:09:21,2026-04-18 00:09:21,221,
080100,力学,46.0,学硕,1,,,2026-04-18 00:09:21,2026-04-18 00:09:21,222,
080104,工程力学,46.0,学硕,1,,,2026-04-18 00:09:21,2026-04-18 00:09:21,223,
080101,一般力学与力学基础,46.0,学硕,1,,,2026-04-18 00:09:21,2026-04-18 00:09:21,224,
080102,固体力学,46.0,学硕,1,,,2026-04-18 00:09:21,2026-04-18 00:09:21,225,
080103,流体力学,46.0,学硕,1,,,2026-04-18 00:09:21,2026-04-18 00:09:21,226,
080200,机械工程,47.0,学硕,1,,,2026-04-18 00:09:21,2026-04-18 00:09:21,227,
080201,机械制造及其自动化,47.0,学硕,1,,,2026-04-18 00:09:21,2026-04-18 00:09:21,228,
080202,机械电子工程,47.0,学硕,1,,,2026-04-18 00:09:21,2026-04-18 00:09:21,229,
080203,机械设计及理论,47.0,学硕,1,,,2026-04-18 00:09:21,2026-04-18 00:09:21,230,
080204,车辆工程,47.0,学硕,1,,,2026-04-18 00:09:21,2026-04-18 00:09:21,231,
080300,光学工程,48.0,学硕,1,,,2026-04-18 00:09:21,2026-04-18 00:09:21,232,
080400,仪器科学与技术,49.0,学硕,1,,,2026-04-18 00:09:21,2026-04-18 00:09:21,233,
080401,精密仪器及机械,49.0,学硕,1,,,2026-04-18 00:09:21,2026-04-18 00:09:21,234,
080402,测试计量技术及仪器,49.0,学硕,1,,,2026-04-18 00:09:21,2026-04-18 00:09:21,235,
080501,材料物理与化学,50.0,学硕,1,,,2026-04-18 00:09:21,2026-04-18 00:09:21,236,
080500,材料科学与工程,50.0,学硕,1,,,2026-04-18 00:09:21,2026-04-18 00:09:21,237,
080502,材料学,50.0,学硕,1,,,2026-04-18 00:09:21,2026-04-18 00:09:21,238,
080503,材料加工工程,50.0,学硕,1,,,2026-04-18 00:09:21,2026-04-18 00:09:21,239,
080600,冶金工程,51.0,学硕,1,,,2026-04-18 00:09:21,2026-04-18 00:09:21,240,
080603,有色金属冶金,51.0,学硕,1,,,2026-04-18 00:09:21,2026-04-18 00:09:21,241,
080601,冶金物理化学,51.0,学硕,1,,,2026-04-18 00:09:21,2026-04-18 00:09:21,242,
080602,钢铁冶金,51.0,学硕,1,,,2026-04-18 00:09:21,2026-04-18 00:09:21,243,
080700,动力工程及工程热物理,52.0,学硕,1,,,2026-04-18 00:09:21,2026-04-18 00:09:21,244,
080701,工程热物理,52.0,学硕,1,,,2026-04-18 00:09:21,2026-04-18 00:09:21,245,
080702,热能工程,52.0,学硕,1,,,2026-04-18 00:09:21,2026-04-18 00:09:21,246,
080703,动力机械及工程,52.0,学硕,1,,,2026-04-18 00:09:21,2026-04-18 00:09:21,247,
080705,制冷及低温工程,52.0,学硕,1,,,2026-04-18 00:09:21,2026-04-18 00:09:21,248,
080706,化工过程机械,52.0,学硕,1,,,2026-04-18 00:09:21,2026-04-18 00:09:21,249,
080704,流体机械及工程,52.0,学硕,1,,,2026-04-18 00:09:21,2026-04-18 00:09:21,250,
080800,电气工程,53.0,学硕,1,,,2026-04-18 00:09:21,2026-04-18 00:09:21,251,
080801,电机与电器,53.0,学硕,1,,,2026-04-18 00:09:21,2026-04-18 00:09:21,252,
080802,电力系统及其自动化,53.0,学硕,1,,,2026-04-18 00:09:21,2026-04-18 00:09:21,253,
080803,高电压与绝缘技术,53.0,学硕,1,,,2026-04-18 00:09:21,2026-04-18 00:09:21,254,
080804,电力电子与电力传动,53.0,学硕,1,,,2026-04-18 00:09:21,2026-04-18 00:09:21,255,
080805,电工理论与新技术,53.0,学硕,1,,,2026-04-18 00:09:21,2026-04-18 00:09:21,256,
080901,物理电子学,54.0,学硕,1,,,2026-04-18 00:09:21,2026-04-18 00:09:21,257,
080902,电路与系统,54.0,学硕,1,,,2026-04-18 00:09:21,2026-04-18 00:09:21,258,
080904,电磁场与微波技术,54.0,学硕,1,,,2026-04-18 00:09:21,2026-04-18 00:09:21,259,
080900,电子科学与技术,54.0,学硕,1,,,2026-04-18 00:09:21,2026-04-18 00:09:21,260,
080903,微电子学与固体电子学,54.0,学硕,1,,,2026-04-18 00:09:21,2026-04-18 00:09:21,261,
081001,通信与信息系统,55.0,学硕,1,,,2026-04-18 00:09:21,2026-04-18 00:09:21,262,
081002,信号与信息处理,55.0,学硕,1,,,2026-04-18 00:09:21,2026-04-18 00:09:21,263,
081000,信息与通信工程,55.0,学硕,1,,,2026-04-18 00:09:21,2026-04-18 00:09:21,264,
081100,控制科学与工程,56.0,学硕,1,,,2026-04-18 00:09:21,2026-04-18 00:09:21,265,
081101,控制理论与控制工程,56.0,学硕,1,,,2026-04-18 00:09:21,2026-04-18 00:09:21,266,
081104,模式识别与智能系统,56.0,学硕,1,,,2026-04-18 00:09:21,2026-04-18 00:09:21,267,
081102,检测技术与自动化装置,56.0,学硕,1,,,2026-04-18 00:09:21,2026-04-18 00:09:21,268,
081103,系统工程,56.0,学硕,1,,,2026-04-18 00:09:21,2026-04-18 00:09:21,269,
081105,导航、制导与控制,56.0,学硕,1,,,2026-04-18 00:09:21,2026-04-18 00:09:21,270,
081203,计算机应用技术,57.0,学硕,1,,,2026-04-18 00:09:21,2026-04-18 00:09:21,271,
081200,计算机科学与技术,57.0,学硕,1,,,2026-04-18 00:09:21,2026-04-18 00:09:21,272,
081202,计算机软件与理论,57.0,学硕,1,,,2026-04-18 00:09:21,2026-04-18 00:09:21,273,
081201,计算机系统结构,57.0,学硕,1,,,2026-04-18 00:09:21,2026-04-18 00:09:21,274,
081300,建筑学,58.0,学硕,1,,,2026-04-18 00:09:21,2026-04-18 00:09:21,275,
081304,建筑技术科学,58.0,学硕,1,,,2026-04-18 00:09:21,2026-04-18 00:09:21,276,
081301,建筑历史与理论,58.0,学硕,1,,,2026-04-18 00:09:21,2026-04-18 00:09:21,277,
081302,建筑设计及其理论,58.0,学硕,1,,,2026-04-18 00:09:21,2026-04-18 00:09:21,278,
081400,土木工程,59.0,学硕,1,,,2026-04-18 00:09:21,2026-04-18 00:09:21,279,
081404,供热、供燃气、通风及空调工程,59.0,学硕,1,,,2026-04-18 00:09:21,2026-04-18 00:09:21,280,
081401,岩土工程,59.0,学硕,1,,,2026-04-18 00:09:21,2026-04-18 00:09:21,281,
081402,结构工程,59.0,学硕,1,,,2026-04-18 00:09:21,2026-04-18 00:09:21,282,
081406,桥梁与隧道工程,59.0,学硕,1,,,2026-04-18 00:09:21,2026-04-18 00:09:21,283,
081403,市政工程,59.0,学硕,1,,,2026-04-18 00:09:21,2026-04-18 00:09:21,284,
081405,防灾减灾工程及防护工程,59.0,学硕,1,,,2026-04-18 00:09:21,2026-04-18 00:09:21,285,
081500,水利工程,60.0,学硕,1,,,2026-04-18 00:09:21,2026-04-18 00:09:21,286,
081501,水文学及水资源,60.0,学硕,1,,,2026-04-18 00:09:21,2026-04-18 00:09:21,287,
081502,水力学及河流动力学,60.0,学硕,1,,,2026-04-18 00:09:21,2026-04-18 00:09:21,288,
081503,水工结构工程,60.0,学硕,1,,,2026-04-18 00:09:21,2026-04-18 00:09:21,289,
081504,水利水电工程,60.0,学硕,1,,,2026-04-18 00:09:21,2026-04-18 00:09:21,290,
081505,港口、海岸及近海工程,60.0,学硕,1,,,2026-04-18 00:09:21,2026-04-18 00:09:21,291,
081602,摄影测量与遥感,61.0,学硕,1,,,2026-04-18 00:09:21,2026-04-18 00:09:21,292,
081601,大地测量学与测量工程,61.0,学硕,1,,,2026-04-18 00:09:21,2026-04-18 00:09:21,293,
081603,地图制图学与地理信息工程,61.0,学硕,1,,,2026-04-18 00:09:21,2026-04-18 00:09:21,294,
081600,测绘科学与技术,61.0,学硕,1,,,2026-04-18 00:09:21,2026-04-18 00:09:21,295,
081700,化学工程与技术,62.0,学硕,1,,,2026-04-18 00:09:21,2026-04-18 00:09:21,296,
081702,化学工艺,62.0,学硕,1,,,2026-04-18 00:09:21,2026-04-18 00:09:21,297,
081703,生物化工,62.0,学硕,1,,,2026-04-18 00:09:21,2026-04-18 00:09:21,298,
081704,应用化学,62.0,学硕,1,,,2026-04-18 00:09:21,2026-04-18 00:09:21,299,
081701,化学工程,62.0,学硕,1,,,2026-04-18 00:09:21,2026-04-18 00:09:21,300,
081705,工业催化,62.0,学硕,1,,,2026-04-18 00:09:21,2026-04-18 00:09:21,301,
081800,地质资源与地质工程,63.0,学硕,1,,,2026-04-18 00:09:21,2026-04-18 00:09:21,302,
081802,地球探测与信息技术,63.0,学硕,1,,,2026-04-18 00:09:21,2026-04-18 00:09:21,303,
081801,矿产普查与勘探,63.0,学硕,1,,,2026-04-18 00:09:21,2026-04-18 00:09:21,304,
081803,地质工程,63.0,学硕,1,,,2026-04-18 00:09:21,2026-04-18 00:09:21,305,
081901,采矿工程,64.0,学硕,1,,,2026-04-18 00:09:21,2026-04-18 00:09:21,306,
081902,矿物加工工程,64.0,学硕,1,,,2026-04-18 00:09:21,2026-04-18 00:09:21,307,
081900,矿业工程,64.0,学硕,1,,,2026-04-18 00:09:21,2026-04-18 00:09:21,308,
081903,安全技术及工程,64.0,学硕,1,,,2026-04-18 00:09:21,2026-04-18 00:09:21,309,
082000,石油与天然气工程,65.0,学硕,1,,,2026-04-18 00:09:21,2026-04-18 00:09:21,310,
082001,油气井工程,65.0,学硕,1,,,2026-04-18 00:09:21,2026-04-18 00:09:21,311,
082002,油气田开发工程,65.0,学硕,1,,,2026-04-18 00:09:21,2026-04-18 00:09:21,312,
082003,油气储运工程,65.0,学硕,1,,,2026-04-18 00:09:21,2026-04-18 00:09:21,313,
082104,服装设计与工程,66.0,学硕,1,,,2026-04-18 00:09:21,2026-04-18 00:09:21,314,
082102,纺织材料与纺织品设计,66.0,学硕,1,,,2026-04-18 00:09:21,2026-04-18 00:09:21,315,
082103,纺织化学与染整工程,66.0,学硕,1,,,2026-04-18 00:09:21,2026-04-18 00:09:21,316,
082100,纺织科学与工程,66.0,学硕,1,,,2026-04-18 00:09:21,2026-04-18 00:09:21,317,
082101,纺织工程,66.0,学硕,1,,,2026-04-18 00:09:21,2026-04-18 00:09:21,318,
082200,轻工技术与工程,67.0,学硕,1,,,2026-04-18 00:09:21,2026-04-18 00:09:21,319,
082203,发酵工程,67.0,学硕,1,,,2026-04-18 00:09:21,2026-04-18 00:09:21,320,
082201,制浆造纸工程,67.0,学硕,1,,,2026-04-18 00:09:21,2026-04-18 00:09:21,321,
082202,制糖工程,67.0,学硕,1,,,2026-04-18 00:09:21,2026-04-18 00:09:21,322,
082300,交通运输工程,68.0,学硕,1,,,2026-04-18 00:09:21,2026-04-18 00:09:21,323,
082302,交通信息工程及控制,68.0,学硕,1,,,2026-04-18 00:09:21,2026-04-18 00:09:21,324,
082303,交通运输规划与管理,68.0,学硕,1,,,2026-04-18 00:09:21,2026-04-18 00:09:21,325,
082301,道路与铁道工程,68.0,学硕,1,,,2026-04-18 00:09:21,2026-04-18 00:09:21,326,
082304,载运工具运用工程,68.0,学硕,1,,,2026-04-18 00:09:21,2026-04-18 00:09:21,327,
082401,船舶与海洋结构物设计制造,69.0,学硕,1,,,2026-04-18 00:09:21,2026-04-18 00:09:21,328,
082402,轮机工程,69.0,学硕,1,,,2026-04-18 00:09:21,2026-04-18 00:09:21,329,
082403,水声工程,69.0,学硕,1,,,2026-04-18 00:09:21,2026-04-18 00:09:21,330,
082400,船舶与海洋工程,69.0,学硕,1,,,2026-04-18 00:09:21,2026-04-18 00:09:21,331,
082500,航空宇航科学与技术,70.0,学硕,1,,,2026-04-18 00:09:21,2026-04-18 00:09:21,332,
082502,航空宇航推进理论与工程,70.0,学硕,1,,,2026-04-18 00:09:21,2026-04-18 00:09:21,333,
082501,飞行器设计,70.0,学硕,1,,,2026-04-18 00:09:21,2026-04-18 00:09:21,334,
082504,人机与环境工程,70.0,学硕,1,,,2026-04-18 00:09:21,2026-04-18 00:09:21,335,
082503,航空宇航制造工程,70.0,学硕,1,,,2026-04-18 00:09:21,2026-04-18 00:09:21,336,
082600,兵器科学与技术,71.0,学硕,1,,,2026-04-18 00:09:21,2026-04-18 00:09:21,337,
082601,武器系统与运用工程,71.0,学硕,1,,,2026-04-18 00:09:21,2026-04-18 00:09:21,338,
082602,兵器发射理论与技术,71.0,学硕,1,,,2026-04-18 00:09:21,2026-04-18 00:09:21,339,
082604,军事化学与烟火技术,71.0,学硕,1,,,2026-04-18 00:09:21,2026-04-18 00:09:21,340,
082603,火炮、自动武器与弹药工程,71.0,学硕,1,,,2026-04-18 00:09:21,2026-04-18 00:09:21,341,
082700,核科学与技术,72.0,学硕,1,,,2026-04-18 00:09:21,2026-04-18 00:09:21,342,
082703,核技术及应用,72.0,学硕,1,,,2026-04-18 00:09:21,2026-04-18 00:09:21,343,
082701,核能科学与工程,72.0,学硕,1,,,2026-04-18 00:09:21,2026-04-18 00:09:21,344,
082702,核燃料循环与材料,72.0,学硕,1,,,2026-04-18 00:09:21,2026-04-18 00:09:21,345,
082704,辐射防护及环境保护,72.0,学硕,1,,,2026-04-18 00:09:21,2026-04-18 00:09:21,346,
082800,农业工程,73.0,学硕,1,,,2026-04-18 00:09:21,2026-04-18 00:09:21,347,
082801,农业机械化工程,73.0,学硕,1,,,2026-04-18 00:09:21,2026-04-18 00:09:21,348,
082804,农业电气化与自动化,73.0,学硕,1,,,2026-04-18 00:09:21,2026-04-18 00:09:21,349,
082802,农业水土工程,73.0,学硕,1,,,2026-04-18 00:09:21,2026-04-18 00:09:21,350,
082803,农业生物环境与能源工程,73.0,学硕,1,,,2026-04-18 00:09:21,2026-04-18 00:09:21,351,
082902,木材科学与技术,74.0,学硕,1,,,2026-04-18 00:09:21,2026-04-18 00:09:21,352,
082903,林产化学加工工程,74.0,学硕,1,,,2026-04-18 00:09:21,2026-04-18 00:09:21,353,
082901,森林工程,74.0,学硕,1,,,2026-04-18 00:09:21,2026-04-18 00:09:21,354,
082900,林业工程,74.0,学硕,1,,,2026-04-18 00:09:21,2026-04-18 00:09:21,355,
083000,环境科学与工程,75.0,学硕,1,,,2026-04-18 00:09:21,2026-04-18 00:09:21,356,
083001,环境科学,75.0,学硕,1,,,2026-04-18 00:09:21,2026-04-18 00:09:21,357,
083002,环境工程,75.0,学硕,1,,,2026-04-18 00:09:21,2026-04-18 00:09:21,358,
083100,生物医学工程,76.0,学硕,1,,,2026-04-18 00:09:21,2026-04-18 00:09:21,359,
083200,食品科学与工程,77.0,学硕,1,,,2026-04-18 00:09:21,2026-04-18 00:09:21,360,
083201,食品科学,77.0,学硕,1,,,2026-04-18 00:09:21,2026-04-18 00:09:21,361,
083202,粮食、油脂及植物蛋白工程,77.0,学硕,1,,,2026-04-18 00:09:21,2026-04-18 00:09:21,362,
083203,农产品加工及贮藏工程,77.0,学硕,1,,,2026-04-18 00:09:21,2026-04-18 00:09:21,363,
083204,水产品加工及贮藏工程,77.0,学硕,1,,,2026-04-18 00:09:21,2026-04-18 00:09:21,364,
083300,城乡规划学,78.0,学硕,1,,,2026-04-18 00:09:21,2026-04-18 00:09:21,365,
083500,软件工程,79.0,学硕,1,,,2026-04-18 00:09:21,2026-04-18 00:09:21,366,
083600,生物工程,80.0,学硕,1,,,2026-04-18 00:09:21,2026-04-18 00:09:21,367,
083700,安全科学与工程,81.0,学硕,1,,,2026-04-18 00:09:21,2026-04-18 00:09:21,368,
083800,公安技术,82.0,学硕,1,,,2026-04-18 00:09:21,2026-04-18 00:09:21,369,
083900,网络空间安全,83.0,学硕,1,,,2026-04-18 00:09:21,2026-04-18 00:09:21,370,
087100,管理科学与工程,84.0,学硕,1,,,2026-04-18 00:09:21,2026-04-18 00:09:21,371,
087200,设计学,85.0,学硕,1,,,2026-04-18 00:09:21,2026-04-18 00:09:21,372,
087300,集成电路科学与工程,86.0,学硕,1,,,2026-04-18 00:09:21,2026-04-18 00:09:21,373,
087500,遥感科学与技术,87.0,学硕,1,,,2026-04-18 00:09:21,2026-04-18 00:09:21,374,
087600,智能科学与技术,88.0,学硕,1,,,2026-04-18 00:09:21,2026-04-18 00:09:21,375,
089901,空天动力科学与技术,,学硕,1,,,2026-04-18 00:09:21,2026-04-18 00:09:21,376,
089904,储能科学与工程,,学硕,1,,,2026-04-18 00:09:21,2026-04-18 00:09:21,377,
089902,无人系统科学与技术,,学硕,1,,,2026-04-18 00:09:21,2026-04-18 00:09:21,378,
090101,作物栽培学与耕作学,89.0,学硕,1,,,2026-04-18 00:09:21,2026-04-18 00:09:21,379,
090102,作物遗传育种,89.0,学硕,1,,,2026-04-18 00:09:21,2026-04-18 00:09:21,380,
090100,作物学,89.0,学硕,1,,,2026-04-18 00:09:21,2026-04-18 00:09:21,381,
090201,果树学,90.0,学硕,1,,,2026-04-18 00:09:21,2026-04-18 00:09:21,382,
090202,蔬菜学,90.0,学硕,1,,,2026-04-18 00:09:21,2026-04-18 00:09:21,383,
090200,园艺学,90.0,学硕,1,,,2026-04-18 00:09:21,2026-04-18 00:09:21,384,
090203,茶学,90.0,学硕,1,,,2026-04-18 00:09:21,2026-04-18 00:09:21,385,
090302,植物营养学,91.0,学硕,1,,,2026-04-18 00:09:21,2026-04-18 00:09:21,386,
090301,土壤学,91.0,学硕,1,,,2026-04-18 00:09:21,2026-04-18 00:09:21,387,
090300,农业资源与环境,91.0,学硕,1,,,2026-04-18 00:09:21,2026-04-18 00:09:21,388,
090403,农药学,92.0,学硕,1,,,2026-04-18 00:09:21,2026-04-18 00:09:21,389,
090401,植物病理学,92.0,学硕,1,,,2026-04-18 00:09:21,2026-04-18 00:09:21,390,
090402,农业昆虫与害虫防治,92.0,学硕,1,,,2026-04-18 00:09:21,2026-04-18 00:09:21,391,
090400,植物保护,92.0,学硕,1,,,2026-04-18 00:09:21,2026-04-18 00:09:21,392,
090501,动物遗传育种与繁殖,93.0,学硕,1,,,2026-04-18 00:09:21,2026-04-18 00:09:21,393,
090502,动物营养与饲料科学,93.0,学硕,1,,,2026-04-18 00:09:21,2026-04-18 00:09:21,394,
090500,畜牧学,93.0,学硕,1,,,2026-04-18 00:09:21,2026-04-18 00:09:21,395,
090504,特种经济动物饲养,93.0,学硕,1,,,2026-04-18 00:09:21,2026-04-18 00:09:21,396,
090601,基础兽医学,94.0,学硕,1,,,2026-04-18 00:09:21,2026-04-18 00:09:21,397,
090602,预防兽医学,94.0,学硕,1,,,2026-04-18 00:09:21,2026-04-18 00:09:21,398,
090603,临床兽医学,94.0,学硕,1,,,2026-04-18 00:09:21,2026-04-18 00:09:21,399,
090600,兽医学,94.0,学硕,1,,,2026-04-18 00:09:21,2026-04-18 00:09:21,400,
090700,林学,95.0,学硕,1,,,2026-04-18 00:09:21,2026-04-18 00:09:21,401,
090702,森林培育,95.0,学硕,1,,,2026-04-18 00:09:21,2026-04-18 00:09:21,402,
090703,森林保护学,95.0,学硕,1,,,2026-04-18 00:09:21,2026-04-18 00:09:21,403,
090704,森林经理学,95.0,学硕,1,,,2026-04-18 00:09:21,2026-04-18 00:09:21,404,
090701,林木遗传育种,95.0,学硕,1,,,2026-04-18 00:09:21,2026-04-18 00:09:21,405,
090706,园林植物与观赏园艺,95.0,学硕,1,,,2026-04-18 00:09:21,2026-04-18 00:09:21,406,
090707,水土保持与荒漠化防治,95.0,学硕,1,,,2026-04-18 00:09:21,2026-04-18 00:09:21,407,
090705,野生动植物保护与利用,95.0,学硕,1,,,2026-04-18 00:09:21,2026-04-18 00:09:21,408,
090801,水产养殖,96.0,学硕,1,,,2026-04-18 00:09:21,2026-04-18 00:09:21,409,
090800,水产,96.0,学硕,1,,,2026-04-18 00:09:21,2026-04-18 00:09:21,410,
090802,捕捞学,96.0,学硕,1,,,2026-04-18 00:09:21,2026-04-18 00:09:21,411,
090803,渔业资源,96.0,学硕,1,,,2026-04-18 00:09:21,2026-04-18 00:09:21,412,
090900,草学,97.0,学硕,1,,,2026-04-18 00:09:21,2026-04-18 00:09:21,413,
097000,科学技术史,98.0,学硕,1,,,2026-04-18 00:09:21,2026-04-18 00:09:21,414,
097100,环境科学与工程,99.0,学硕,1,,,2026-04-18 00:09:21,2026-04-18 00:09:21,415,
097101,环境科学,99.0,学硕,1,,,2026-04-18 00:09:21,2026-04-18 00:09:21,416,
097200,食品科学与工程,100.0,学硕,1,,,2026-04-18 00:09:21,2026-04-18 00:09:21,417,
097201,食品科学,100.0,学硕,1,,,2026-04-18 00:09:21,2026-04-18 00:09:21,418,
097203,农产品加工及贮藏工程,100.0,学硕,1,,,2026-04-18 00:09:21,2026-04-18 00:09:21,419,
097202,粮食、油脂及植物蛋白工程,100.0,学硕,1,,,2026-04-18 00:09:21,2026-04-18 00:09:21,420,
097204,水产品加工及贮藏工程,100.0,学硕,1,,,2026-04-18 00:09:21,2026-04-18 00:09:21,421,
100101,人体解剖与组织胚胎学,101.0,学硕,1,,,2026-04-18 00:09:21,2026-04-18 00:09:21,422,
100102,免疫学,101.0,学硕,1,,,2026-04-18 00:09:21,2026-04-18 00:09:21,423,
100103,病原生物学,101.0,学硕,1,,,2026-04-18 00:09:21,2026-04-18 00:09:21,424,
100100,基础医学,101.0,学硕,1,,,2026-04-18 00:09:21,2026-04-18 00:09:21,425,
100104,病理学与病理生理学,101.0,学硕,1,,,2026-04-18 00:09:21,2026-04-18 00:09:21,426,
100106,放射医学,101.0,学硕,1,,,2026-04-18 00:09:21,2026-04-18 00:09:21,427,
100105,法医学,101.0,学硕,1,,,2026-04-18 00:09:21,2026-04-18 00:09:21,428,
100201,内科学,102.0,学硕,1,,,2026-04-18 00:09:21,2026-04-18 00:09:21,429,
100202,儿科学,102.0,学硕,1,,,2026-04-18 00:09:21,2026-04-18 00:09:21,430,
100210,外科学,102.0,学硕,1,,,2026-04-18 00:09:21,2026-04-18 00:09:21,431,
100211,妇产科学,102.0,学硕,1,,,2026-04-18 00:09:21,2026-04-18 00:09:21,432,
100213,耳鼻咽喉科学,102.0,学硕,1,,,2026-04-18 00:09:21,2026-04-18 00:09:21,433,
100214,肿瘤学,102.0,学硕,1,,,2026-04-18 00:09:21,2026-04-18 00:09:21,434,
100208,临床检验诊断学,102.0,学硕,1,,,2026-04-18 00:09:21,2026-04-18 00:09:21,435,
100212,眼科学,102.0,学硕,1,,,2026-04-18 00:09:21,2026-04-18 00:09:21,436,
100203,老年医学,102.0,学硕,1,,,2026-04-18 00:09:21,2026-04-18 00:09:21,437,
100216,运动医学,102.0,学硕,1,,,2026-04-18 00:09:21,2026-04-18 00:09:21,438,
100217,麻醉学,102.0,学硕,1,,,2026-04-18 00:09:21,2026-04-18 00:09:21,439,
100218,急诊医学,102.0,学硕,1,,,2026-04-18 00:09:21,2026-04-18 00:09:21,440,
100204,神经病学,102.0,学硕,1,,,2026-04-18 00:09:21,2026-04-18 00:09:21,441,
100205,精神病与精神卫生学,102.0,学硕,1,,,2026-04-18 00:09:21,2026-04-18 00:09:21,442,
100207,影像医学与核医学,102.0,学硕,1,,,2026-04-18 00:09:21,2026-04-18 00:09:21,443,
100200,临床医学,102.0,学硕,1,,,2026-04-18 00:09:21,2026-04-18 00:09:21,444,
100206,皮肤病与性病学,102.0,学硕,1,,,2026-04-18 00:09:21,2026-04-18 00:09:21,445,
100215,康复医学与理疗学,102.0,学硕,1,,,2026-04-18 00:09:21,2026-04-18 00:09:21,446,
100301,口腔基础医学,103.0,学硕,1,,,2026-04-18 00:09:21,2026-04-18 00:09:21,447,
100302,口腔临床医学,103.0,学硕,1,,,2026-04-18 00:09:21,2026-04-18 00:09:21,448,
100300,口腔医学,103.0,学硕,1,,,2026-04-18 00:09:21,2026-04-18 00:09:21,449,
100401,流行病与卫生统计学,104.0,学硕,1,,,2026-04-18 00:09:21,2026-04-18 00:09:21,450,
100402,劳动卫生与环境卫生学,104.0,学硕,1,,,2026-04-18 00:09:21,2026-04-18 00:09:21,451,
100403,营养与食品卫生学,104.0,学硕,1,,,2026-04-18 00:09:21,2026-04-18 00:09:21,452,
100404,儿少卫生与妇幼保健学,104.0,学硕,1,,,2026-04-18 00:09:21,2026-04-18 00:09:21,453,
100405,卫生毒理学,104.0,学硕,1,,,2026-04-18 00:09:21,2026-04-18 00:09:21,454,
100406,军事预防医学,104.0,学硕,1,,,2026-04-18 00:09:21,2026-04-18 00:09:21,455,
100400,公共卫生与预防医学,104.0,学硕,1,,,2026-04-18 00:09:21,2026-04-18 00:09:21,456,
100501,中医基础理论,105.0,学硕,1,,,2026-04-18 00:09:21,2026-04-18 00:09:21,457,
100502,中医临床基础,105.0,学硕,1,,,2026-04-18 00:09:21,2026-04-18 00:09:21,458,
100503,中医医史文献,105.0,学硕,1,,,2026-04-18 00:09:21,2026-04-18 00:09:21,459,
100505,中医诊断学,105.0,学硕,1,,,2026-04-18 00:09:21,2026-04-18 00:09:21,460,
100512,针灸推拿学,105.0,学硕,1,,,2026-04-18 00:09:21,2026-04-18 00:09:21,461,
100504,方剂学,105.0,学硕,1,,,2026-04-18 00:09:21,2026-04-18 00:09:21,462,
100513,民族医学,105.0,学硕,1,,,2026-04-18 00:09:21,2026-04-18 00:09:21,463,
100506,中医内科学,105.0,学硕,1,,,2026-04-18 00:09:21,2026-04-18 00:09:21,464,
100508,中医骨伤科学,105.0,学硕,1,,,2026-04-18 00:09:21,2026-04-18 00:09:21,465,
100509,中医妇科学,105.0,学硕,1,,,2026-04-18 00:09:21,2026-04-18 00:09:21,466,
100507,中医外科学,105.0,学硕,1,,,2026-04-18 00:09:21,2026-04-18 00:09:21,467,
100510,中医儿科学,105.0,学硕,1,,,2026-04-18 00:09:21,2026-04-18 00:09:21,468,
100511,中医五官科学,105.0,学硕,1,,,2026-04-18 00:09:21,2026-04-18 00:09:21,469,
100500,中医学,105.0,学硕,1,,,2026-04-18 00:09:21,2026-04-18 00:09:21,470,
100601,中西医结合基础,106.0,学硕,1,,,2026-04-18 00:09:21,2026-04-18 00:09:21,471,
100602,中西医结合临床,106.0,学硕,1,,,2026-04-18 00:09:21,2026-04-18 00:09:21,472,
100600,中西医结合,106.0,学硕,1,,,2026-04-18 00:09:21,2026-04-18 00:09:21,473,
100706,药理学,107.0,学硕,1,,,2026-04-18 00:09:21,2026-04-18 00:09:21,474,
100700,药学,107.0,学硕,1,,,2026-04-18 00:09:21,2026-04-18 00:09:21,475,
100701,药物化学,107.0,学硕,1,,,2026-04-18 00:09:21,2026-04-18 00:09:21,476,
100702,药剂学,107.0,学硕,1,,,2026-04-18 00:09:21,2026-04-18 00:09:21,477,
100703,生药学,107.0,学硕,1,,,2026-04-18 00:09:21,2026-04-18 00:09:21,478,
100704,药物分析学,107.0,学硕,1,,,2026-04-18 00:09:21,2026-04-18 00:09:21,479,
100705,微生物与生化药学,107.0,学硕,1,,,2026-04-18 00:09:21,2026-04-18 00:09:21,480,
100800,中药学,108.0,学硕,1,,,2026-04-18 00:09:21,2026-04-18 00:09:21,481,
100900,特种医学,109.0,学硕,1,,,2026-04-18 00:09:21,2026-04-18 00:09:21,482,
101100,护理学,110.0,学硕,1,,,2026-04-18 00:09:21,2026-04-18 00:09:21,483,
107200,生物医学工程,111.0,学硕,1,,,2026-04-18 00:09:21,2026-04-18 00:09:21,484,
107401,社会医学与卫生事业管理,,学硕,1,,,2026-04-18 00:09:21,2026-04-18 00:09:21,485,
109901,救援医学,,学硕,1,,,2026-04-18 00:09:21,2026-04-18 00:09:21,486,
109902,医学技术学,,学硕,1,,,2026-04-18 00:09:21,2026-04-18 00:09:21,487,
110100,军事思想与军事历史,112.0,学硕,1,,,2026-04-18 00:09:21,2026-04-18 00:09:21,488,
110200,战略学,113.0,学硕,1,,,2026-04-18 00:09:21,2026-04-18 00:09:21,489,
110300,联合作战学,114.0,学硕,1,,,2026-04-18 00:09:21,2026-04-18 00:09:21,490,
110400,军兵种作战学,115.0,学硕,1,,,2026-04-18 00:09:21,2026-04-18 00:09:21,491,
110505,密码学,116.0,学硕,1,,,2026-04-18 00:09:21,2026-04-18 00:09:21,492,
110500,军队指挥学,116.0,学硕,1,,,2026-04-18 00:09:21,2026-04-18 00:09:21,493,
110600,军队政治工作学,117.0,学硕,1,,,2026-04-18 00:09:21,2026-04-18 00:09:21,494,
110700,军事后勤学,118.0,学硕,1,,,2026-04-18 00:09:21,2026-04-18 00:09:21,495,
110800,军事装备学,119.0,学硕,1,,,2026-04-18 00:09:21,2026-04-18 00:09:21,496,
110900,军事管理学,120.0,学硕,1,,,2026-04-18 00:09:21,2026-04-18 00:09:21,497,
111000,军事训练学,121.0,学硕,1,,,2026-04-18 00:09:21,2026-04-18 00:09:21,498,
111100,军事智能,122.0,学硕,1,,,2026-04-18 00:09:21,2026-04-18 00:09:21,499,
117000,国家安全学,123.0,学硕,1,,,2026-04-18 00:09:21,2026-04-18 00:09:21,500,
120100,管理科学与工程,124.0,学硕,1,,,2026-04-18 00:09:21,2026-04-18 00:09:21,501,
120202,企业管理,125.0,学硕,1,,,2026-04-18 00:09:21,2026-04-18 00:09:21,502,
120200,工商管理学,125.0,学硕,1,,,2026-04-18 00:09:21,2026-04-18 00:09:21,503,
120204,技术经济及管理,125.0,学硕,1,,,2026-04-18 00:09:21,2026-04-18 00:09:21,504,
120201,会计学,125.0,学硕,1,,,2026-04-18 00:09:21,2026-04-18 00:09:21,505,
120203,旅游管理,125.0,学硕,1,,,2026-04-18 00:09:21,2026-04-18 00:09:21,506,
120300,农林经济管理,126.0,学硕,1,,,2026-04-18 00:09:21,2026-04-18 00:09:21,507,
120301,农业经济管理,126.0,学硕,1,,,2026-04-18 00:09:21,2026-04-18 00:09:21,508,
120302,林业经济管理,126.0,学硕,1,,,2026-04-18 00:09:21,2026-04-18 00:09:21,509,
120401,行政管理,127.0,学硕,1,,,2026-04-18 00:09:21,2026-04-18 00:09:21,510,
120403,教育经济与管理,127.0,学硕,1,,,2026-04-18 00:09:21,2026-04-18 00:09:21,511,
120404,社会保障,127.0,学硕,1,,,2026-04-18 00:09:21,2026-04-18 00:09:21,512,
120402,社会医学与卫生事业管理,127.0,学硕,1,,,2026-04-18 00:09:21,2026-04-18 00:09:21,513,
120400,公共管理学,127.0,学硕,1,,,2026-04-18 00:09:21,2026-04-18 00:09:21,514,
120405,土地资源管理,127.0,学硕,1,,,2026-04-18 00:09:21,2026-04-18 00:09:21,515,
120502,情报学,128.0,学硕,1,,,2026-04-18 00:09:21,2026-04-18 00:09:21,516,
120500,信息资源管理,128.0,学硕,1,,,2026-04-18 00:09:21,2026-04-18 00:09:21,517,
120501,图书馆学,128.0,学硕,1,,,2026-04-18 00:09:21,2026-04-18 00:09:21,518,
120503,档案学,128.0,学硕,1,,,2026-04-18 00:09:21,2026-04-18 00:09:21,519,
129901,知识产权学,,学硕,1,,,2026-04-18 00:09:21,2026-04-18 00:09:21,520,
130100,艺术学,129.0,学硕,1,,,2026-04-18 00:09:21,2026-04-18 00:09:21,521,
137000,设计学,130.0,学硕,1,,,2026-04-18 00:09:21,2026-04-18 00:09:21,522,
140100,集成电路科学与工程,131.0,学硕,1,,,2026-04-18 00:09:21,2026-04-18 00:09:21,523,
140200,国家安全学,132.0,学硕,1,,,2026-04-18 00:09:21,2026-04-18 00:09:21,524,
140300,设计学,133.0,学硕,1,,,2026-04-18 00:09:21,2026-04-18 00:09:21,525,
140400,遥感科学与技术,134.0,学硕,1,,,2026-04-18 00:09:21,2026-04-18 00:09:21,526,
140500,智能科学与技术,135.0,学硕,1,,,2026-04-18 00:09:21,2026-04-18 00:09:21,527,
015100,应用伦理,136.0,专硕,1,,,2026-04-18 00:09:21,2026-04-18 00:09:21,528,
025100,金融,137.0,专硕,1,,,2026-04-18 00:09:21,2026-04-18 00:09:21,529,
025200,应用统计,138.0,专硕,1,,,2026-04-18 00:09:21,2026-04-18 00:09:21,530,
025300,税务,139.0,专硕,1,,,2026-04-18 00:09:21,2026-04-18 00:09:21,531,
025400,国际商务,140.0,专硕,1,,,2026-04-18 00:09:21,2026-04-18 00:09:21,532,
025500,保险,141.0,专硕,1,,,2026-04-18 00:09:21,2026-04-18 00:09:21,533,
025600,资产评估,142.0,专硕,1,,,2026-04-18 00:09:21,2026-04-18 00:09:21,534,
025800,数字经济,143.0,专硕,1,,,2026-04-18 00:09:21,2026-04-18 00:09:21,535,
035101,法律,144.0,专硕,1,,,2026-04-18 00:09:21,2026-04-18 00:09:21,536,
035102,法律,144.0,专硕,1,,,2026-04-18 00:09:21,2026-04-18 00:09:21,537,
035200,社会工作,145.0,专硕,1,,,2026-04-18 00:09:21,2026-04-18 00:09:21,538,
035300,警务,146.0,专硕,1,,,2026-04-18 00:09:21,2026-04-18 00:09:21,539,
035400,知识产权,147.0,专硕,1,,,2026-04-18 00:09:21,2026-04-18 00:09:21,540,
035500,国际事务,148.0,专硕,1,,,2026-04-18 00:09:21,2026-04-18 00:09:21,541,
045101,教育管理,149.0,专硕,1,,,2026-04-18 00:09:21,2026-04-18 00:09:21,542,
045114,现代教育技术,149.0,专硕,1,,,2026-04-18 00:09:21,2026-04-18 00:09:21,543,
045116,心理健康教育,149.0,专硕,1,,,2026-04-18 00:09:21,2026-04-18 00:09:21,544,
045117,科学与技术教育,149.0,专硕,1,,,2026-04-18 00:09:21,2026-04-18 00:09:21,545,
045102,学科教学,149.0,专硕,1,,,2026-04-18 00:09:21,2026-04-18 00:09:21,546,
045120,职业技术教育,149.0,专硕,1,,,2026-04-18 00:09:21,2026-04-18 00:09:21,547,
045103,学科教学,149.0,专硕,1,,,2026-04-18 00:09:21,2026-04-18 00:09:21,548,
045104,学科教学,149.0,专硕,1,,,2026-04-18 00:09:21,2026-04-18 00:09:21,549,
045105,学科教学,149.0,专硕,1,,,2026-04-18 00:09:21,2026-04-18 00:09:21,550,
045106,学科教学,149.0,专硕,1,,,2026-04-18 00:09:21,2026-04-18 00:09:21,551,
045107,学科教学,149.0,专硕,1,,,2026-04-18 00:09:21,2026-04-18 00:09:21,552,
045108,学科教学,149.0,专硕,1,,,2026-04-18 00:09:21,2026-04-18 00:09:21,553,
045109,学科教学,149.0,专硕,1,,,2026-04-18 00:09:21,2026-04-18 00:09:21,554,
045110,学科教学,149.0,专硕,1,,,2026-04-18 00:09:21,2026-04-18 00:09:21,555,
045115,小学教育,149.0,专硕,1,,,2026-04-18 00:09:21,2026-04-18 00:09:21,556,
045118,学前教育,149.0,专硕,1,,,2026-04-18 00:09:21,2026-04-18 00:09:21,557,
045119,特殊教育,149.0,专硕,1,,,2026-04-18 00:09:21,2026-04-18 00:09:21,558,
045111,学科教学,149.0,专硕,1,,,2026-04-18 00:09:21,2026-04-18 00:09:21,559,
045112,学科教学,149.0,专硕,1,,,2026-04-18 00:09:21,2026-04-18 00:09:21,560,
045113,学科教学,149.0,专硕,1,,,2026-04-18 00:09:21,2026-04-18 00:09:21,561,
045100,教育,149.0,专硕,1,,,2026-04-18 00:09:21,2026-04-18 00:09:21,562,
045200,体育,150.0,专硕,1,,,2026-04-18 00:09:21,2026-04-18 00:09:21,563,
045201,体育教学,150.0,专硕,1,,,2026-04-18 00:09:21,2026-04-18 00:09:21,564,
045202,运动训练,150.0,专硕,1,,,2026-04-18 00:09:21,2026-04-18 00:09:21,565,
045203,竞赛组织,150.0,专硕,1,,,2026-04-18 00:09:21,2026-04-18 00:09:21,566,
045204,社会体育指导,150.0,专硕,1,,,2026-04-18 00:09:21,2026-04-18 00:09:21,567,
045300,国际中文教育,151.0,专硕,1,,,2026-04-18 00:09:21,2026-04-18 00:09:21,568,
045400,应用心理,152.0,专硕,1,,,2026-04-18 00:09:21,2026-04-18 00:09:21,569,
055101,英语笔译,153.0,专硕,1,,,2026-04-18 00:09:21,2026-04-18 00:09:21,570,
055105,日语笔译,153.0,专硕,1,,,2026-04-18 00:09:21,2026-04-18 00:09:21,571,
055106,日语口译,153.0,专硕,1,,,2026-04-18 00:09:21,2026-04-18 00:09:21,572,
055102,英语口译,153.0,专硕,1,,,2026-04-18 00:09:21,2026-04-18 00:09:21,573,
055100,翻译,153.0,专硕,1,,,2026-04-18 00:09:21,2026-04-18 00:09:21,574,
055104,俄语口译,153.0,专硕,1,,,2026-04-18 00:09:21,2026-04-18 00:09:21,575,
055108,法语口译,153.0,专硕,1,,,2026-04-18 00:09:21,2026-04-18 00:09:21,576,
055109,德语笔译,153.0,专硕,1,,,2026-04-18 00:09:21,2026-04-18 00:09:21,577,
055110,德语口译,153.0,专硕,1,,,2026-04-18 00:09:21,2026-04-18 00:09:21,578,
055113,西班牙语笔译,153.0,专硕,1,,,2026-04-18 00:09:21,2026-04-18 00:09:21,579,
055114,西班牙语口译,153.0,专硕,1,,,2026-04-18 00:09:21,2026-04-18 00:09:21,580,
055115,阿拉伯语笔译,153.0,专硕,1,,,2026-04-18 00:09:21,2026-04-18 00:09:21,581,
055116,阿拉伯语口译,153.0,专硕,1,,,2026-04-18 00:09:21,2026-04-18 00:09:21,582,
055120,意大利语口译,153.0,专硕,1,,,2026-04-18 00:09:21,2026-04-18 00:09:21,583,
055112,朝鲜语口译,153.0,专硕,1,,,2026-04-18 00:09:21,2026-04-18 00:09:21,584,
055103,俄语笔译,153.0,专硕,1,,,2026-04-18 00:09:21,2026-04-18 00:09:21,585,
055107,法语笔译,153.0,专硕,1,,,2026-04-18 00:09:21,2026-04-18 00:09:21,586,
055111,朝鲜语笔译,153.0,专硕,1,,,2026-04-18 00:09:21,2026-04-18 00:09:21,587,
055119,意大利语笔译,153.0,专硕,1,,,2026-04-18 00:09:21,2026-04-18 00:09:21,588,
055121,越南语笔译,153.0,专硕,1,,,2026-04-18 00:09:21,2026-04-18 00:09:21,589,
055117,泰语笔译,153.0,专硕,1,,,2026-04-18 00:09:21,2026-04-18 00:09:21,590,
055118,泰语口译,153.0,专硕,1,,,2026-04-18 00:09:21,2026-04-18 00:09:21,591,
055122,越南语口译,153.0,专硕,1,,,2026-04-18 00:09:21,2026-04-18 00:09:21,592,
055200,新闻与传播,154.0,专硕,1,,,2026-04-18 00:09:21,2026-04-18 00:09:21,593,
055300,出版,155.0,专硕,1,,,2026-04-18 00:09:21,2026-04-18 00:09:21,594,
065100,博物馆,156.0,专硕,1,,,2026-04-18 00:09:21,2026-04-18 00:09:21,595,
075100,气象,157.0,专硕,1,,,2026-04-18 00:09:21,2026-04-18 00:09:21,596,
085100,建筑,158.0,专硕,1,,,2026-04-18 00:09:21,2026-04-18 00:09:21,597,
085300,城乡规划,159.0,专硕,1,,,2026-04-18 00:09:21,2026-04-18 00:09:21,598,
085400,电子信息,160.0,专硕,1,,,2026-04-18 00:09:21,2026-04-18 00:09:21,599,
085405,软件工程,160.0,专硕,1,,,2026-04-18 00:09:21,2026-04-18 00:09:21,600,
085404,计算机技术,160.0,专硕,1,,,2026-04-18 00:09:21,2026-04-18 00:09:21,601,
085401,新一代电子信息技术,160.0,专硕,1,,,2026-04-18 00:09:21,2026-04-18 00:09:21,602,
085402,通信工程,160.0,专硕,1,,,2026-04-18 00:09:21,2026-04-18 00:09:21,603,
085406,控制工程,160.0,专硕,1,,,2026-04-18 00:09:21,2026-04-18 00:09:21,604,
085410,人工智能,160.0,专硕,1,,,2026-04-18 00:09:21,2026-04-18 00:09:21,605,
085412,网络与信息安全,160.0,专硕,1,,,2026-04-18 00:09:21,2026-04-18 00:09:21,606,
085408,光电信息工程,160.0,专硕,1,,,2026-04-18 00:09:21,2026-04-18 00:09:21,607,
085411,大数据技术与工程,160.0,专硕,1,,,2026-04-18 00:09:21,2026-04-18 00:09:21,608,
085409,生物医学工程,160.0,专硕,1,,,2026-04-18 00:09:21,2026-04-18 00:09:21,609,
085403,集成电路工程,160.0,专硕,1,,,2026-04-18 00:09:21,2026-04-18 00:09:21,610,
085407,仪器仪表工程,160.0,专硕,1,,,2026-04-18 00:09:21,2026-04-18 00:09:21,611,
085500,机械,161.0,专硕,1,,,2026-04-18 00:09:21,2026-04-18 00:09:21,612,
085501,机械工程,161.0,专硕,1,,,2026-04-18 00:09:21,2026-04-18 00:09:21,613,
085502,车辆工程,161.0,专硕,1,,,2026-04-18 00:09:21,2026-04-18 00:09:21,614,
085509,智能制造技术,161.0,专硕,1,,,2026-04-18 00:09:21,2026-04-18 00:09:21,615,
085507,工业设计工程,161.0,专硕,1,,,2026-04-18 00:09:21,2026-04-18 00:09:21,616,
085510,机器人工程,161.0,专硕,1,,,2026-04-18 00:09:21,2026-04-18 00:09:21,617,
085504,航天工程,161.0,专硕,1,,,2026-04-18 00:09:21,2026-04-18 00:09:21,618,
085506,兵器工程,161.0,专硕,1,,,2026-04-18 00:09:21,2026-04-18 00:09:21,619,
085503,航空工程,161.0,专硕,1,,,2026-04-18 00:09:21,2026-04-18 00:09:21,620,
085505,船舶工程,161.0,专硕,1,,,2026-04-18 00:09:21,2026-04-18 00:09:21,621,
085508,农机装备工程,161.0,专硕,1,,,2026-04-18 00:09:21,2026-04-18 00:09:21,622,
085600,材料与化工,162.0,专硕,1,,,2026-04-18 00:09:21,2026-04-18 00:09:21,623,
085601,材料工程,162.0,专硕,1,,,2026-04-18 00:09:21,2026-04-18 00:09:21,624,
085602,化学工程,162.0,专硕,1,,,2026-04-18 00:09:21,2026-04-18 00:09:21,625,
085603,冶金工程,162.0,专硕,1,,,2026-04-18 00:09:21,2026-04-18 00:09:21,626,
085606,轻化工程,162.0,专硕,1,,,2026-04-18 00:09:21,2026-04-18 00:09:21,627,
085604,纺织工程,162.0,专硕,1,,,2026-04-18 00:09:21,2026-04-18 00:09:21,628,
085605,林业工程,162.0,专硕,1,,,2026-04-18 00:09:21,2026-04-18 00:09:21,629,
085700,资源与环境,163.0,专硕,1,,,2026-04-18 00:09:21,2026-04-18 00:09:21,630,
085701,环境工程,163.0,专硕,1,,,2026-04-18 00:09:21,2026-04-18 00:09:21,631,
085702,安全工程,163.0,专硕,1,,,2026-04-18 00:09:21,2026-04-18 00:09:21,632,
085705,矿业工程,163.0,专硕,1,,,2026-04-18 00:09:21,2026-04-18 00:09:21,633,
085704,测绘工程,163.0,专硕,1,,,2026-04-18 00:09:21,2026-04-18 00:09:21,634,
085703,地质工程,163.0,专硕,1,,,2026-04-18 00:09:21,2026-04-18 00:09:21,635,
085706,石油与天然气工程,163.0,专硕,1,,,2026-04-18 00:09:21,2026-04-18 00:09:21,636,
085800,能源动力,164.0,专硕,1,,,2026-04-18 00:09:21,2026-04-18 00:09:21,637,
085801,电气工程,164.0,专硕,1,,,2026-04-18 00:09:21,2026-04-18 00:09:21,638,
085806,航天动力工程,164.0,专硕,1,,,2026-04-18 00:09:21,2026-04-18 00:09:21,639,
085802,动力工程,164.0,专硕,1,,,2026-04-18 00:09:21,2026-04-18 00:09:21,640,
085808,储能技术,164.0,专硕,1,,,2026-04-18 00:09:21,2026-04-18 00:09:21,641,
085807,清洁能源技术,164.0,专硕,1,,,2026-04-18 00:09:21,2026-04-18 00:09:21,642,
085803,核能工程,164.0,专硕,1,,,2026-04-18 00:09:21,2026-04-18 00:09:21,643,
085804,航空发动机工程,164.0,专硕,1,,,2026-04-18 00:09:21,2026-04-18 00:09:21,644,
085805,燃气轮机工程,164.0,专硕,1,,,2026-04-18 00:09:21,2026-04-18 00:09:21,645,
085900,土木水利,165.0,专硕,1,,,2026-04-18 00:09:21,2026-04-18 00:09:21,646,
085901,土木工程,165.0,专硕,1,,,2026-04-18 00:09:21,2026-04-18 00:09:21,647,
085906,人工环境工程,165.0,专硕,1,,,2026-04-18 00:09:21,2026-04-18 00:09:21,648,
085905,市政工程,165.0,专硕,1,,,2026-04-18 00:09:21,2026-04-18 00:09:21,649,
085902,水利工程,165.0,专硕,1,,,2026-04-18 00:09:21,2026-04-18 00:09:21,650,
085904,农田水土工程,165.0,专硕,1,,,2026-04-18 00:09:21,2026-04-18 00:09:21,651,
085903,海洋工程,165.0,专硕,1,,,2026-04-18 00:09:21,2026-04-18 00:09:21,652,
086002,制药工程,166.0,专硕,1,,,2026-04-18 00:09:21,2026-04-18 00:09:21,653,
086001,生物技术与工程,166.0,专硕,1,,,2026-04-18 00:09:21,2026-04-18 00:09:21,654,
086000,生物与医药,166.0,专硕,1,,,2026-04-18 00:09:21,2026-04-18 00:09:21,655,
086003,食品工程,166.0,专硕,1,,,2026-04-18 00:09:21,2026-04-18 00:09:21,656,
086004,发酵工程,166.0,专硕,1,,,2026-04-18 00:09:21,2026-04-18 00:09:21,657,
086100,交通运输,167.0,专硕,1,,,2026-04-18 00:09:21,2026-04-18 00:09:21,658,
086102,道路交通运输,167.0,专硕,1,,,2026-04-18 00:09:21,2026-04-18 00:09:21,659,
086104,航空交通运输,167.0,专硕,1,,,2026-04-18 00:09:21,2026-04-18 00:09:21,660,
086101,轨道交通运输,167.0,专硕,1,,,2026-04-18 00:09:21,2026-04-18 00:09:21,661,
086103,水路交通运输,167.0,专硕,1,,,2026-04-18 00:09:21,2026-04-18 00:09:21,662,
086105,管道交通运输,167.0,专硕,1,,,2026-04-18 00:09:21,2026-04-18 00:09:21,663,
086200,风景园林,168.0,专硕,1,,,2026-04-18 00:09:21,2026-04-18 00:09:21,664,
095137,农业管理,169.0,专硕,1,,,2026-04-18 00:09:21,2026-04-18 00:09:21,665,
095138,农村发展,169.0,专硕,1,,,2026-04-18 00:09:21,2026-04-18 00:09:21,666,
095131,农艺与种业,169.0,专硕,1,,,2026-04-18 00:09:21,2026-04-18 00:09:21,667,
095132,资源利用与植物保护,169.0,专硕,1,,,2026-04-18 00:09:21,2026-04-18 00:09:21,668,
095133,畜牧,169.0,专硕,1,,,2026-04-18 00:09:21,2026-04-18 00:09:21,669,
095135,食品加工与安全,169.0,专硕,1,,,2026-04-18 00:09:21,2026-04-18 00:09:21,670,
095136,农业工程与信息技术,169.0,专硕,1,,,2026-04-18 00:09:21,2026-04-18 00:09:21,671,
095134,渔业发展,169.0,专硕,1,,,2026-04-18 00:09:21,2026-04-18 00:09:21,672,
095100,农业,169.0,专硕,1,,,2026-04-18 00:09:21,2026-04-18 00:09:21,673,
095200,兽医,170.0,专硕,1,,,2026-04-18 00:09:21,2026-04-18 00:09:21,674,
095400,林业,171.0,专硕,1,,,2026-04-18 00:09:21,2026-04-18 00:09:21,675,
105101,内科学,172.0,专硕,1,,,2026-04-18 00:09:21,2026-04-18 00:09:21,676,
105102,儿科学,172.0,专硕,1,,,2026-04-18 00:09:21,2026-04-18 00:09:21,677,
105104,神经病学,172.0,专硕,1,,,2026-04-18 00:09:21,2026-04-18 00:09:21,678,
105106,皮肤病与性病学,172.0,专硕,1,,,2026-04-18 00:09:21,2026-04-18 00:09:21,679,
105108,重症医学,172.0,专硕,1,,,2026-04-18 00:09:21,2026-04-18 00:09:21,680,
105111,外科学,172.0,专硕,1,,,2026-04-18 00:09:21,2026-04-18 00:09:21,681,
105115,妇产科学,172.0,专硕,1,,,2026-04-18 00:09:21,2026-04-18 00:09:21,682,
105116,眼科学,172.0,专硕,1,,,2026-04-18 00:09:21,2026-04-18 00:09:21,683,
105118,麻醉学,172.0,专硕,1,,,2026-04-18 00:09:21,2026-04-18 00:09:21,684,
105123,放射影像学,172.0,专硕,1,,,2026-04-18 00:09:21,2026-04-18 00:09:21,685,
105125,核医学,172.0,专硕,1,,,2026-04-18 00:09:21,2026-04-18 00:09:21,686,
105107,急诊医学,172.0,专硕,1,,,2026-04-18 00:09:21,2026-04-18 00:09:21,687,
105109,全科医学,172.0,专硕,1,,,2026-04-18 00:09:21,2026-04-18 00:09:21,688,
105117,耳鼻咽喉科学,172.0,专硕,1,,,2026-04-18 00:09:21,2026-04-18 00:09:21,689,
105114,运动医学,172.0,专硕,1,,,2026-04-18 00:09:21,2026-04-18 00:09:21,690,
105119,临床病理,172.0,专硕,1,,,2026-04-18 00:09:21,2026-04-18 00:09:21,691,
105120,临床检验诊断学,172.0,专硕,1,,,2026-04-18 00:09:21,2026-04-18 00:09:21,692,
105124,超声医学,172.0,专硕,1,,,2026-04-18 00:09:21,2026-04-18 00:09:21,693,
105105,精神病与精神卫生学,172.0,专硕,1,,,2026-04-18 00:09:21,2026-04-18 00:09:21,694,
105121,肿瘤学,172.0,专硕,1,,,2026-04-18 00:09:21,2026-04-18 00:09:21,695,
105100,临床医学,172.0,专硕,1,,,2026-04-18 00:09:21,2026-04-18 00:09:21,696,
105112,儿外科学,172.0,专硕,1,,,2026-04-18 00:09:21,2026-04-18 00:09:21,697,
105113,骨科学,172.0,专硕,1,,,2026-04-18 00:09:21,2026-04-18 00:09:21,698,
105103,老年医学,172.0,专硕,1,,,2026-04-18 00:09:21,2026-04-18 00:09:21,699,
105110,康复医学与理疗学,172.0,专硕,1,,,2026-04-18 00:09:21,2026-04-18 00:09:21,700,
105122,放射肿瘤学,172.0,专硕,1,,,2026-04-18 00:09:21,2026-04-18 00:09:21,701,
105126,医学遗传学,172.0,专硕,1,,,2026-04-18 00:09:21,2026-04-18 00:09:21,702,
105200,口腔医学,173.0,专硕,1,,,2026-04-18 00:09:21,2026-04-18 00:09:21,703,
105300,公共卫生,174.0,专硕,1,,,2026-04-18 00:09:21,2026-04-18 00:09:21,704,
105400,护理,175.0,专硕,1,,,2026-04-18 00:09:21,2026-04-18 00:09:21,705,
105500,药学,176.0,专硕,1,,,2026-04-18 00:09:21,2026-04-18 00:09:21,706,
105600,中药,177.0,专硕,1,,,2026-04-18 00:09:21,2026-04-18 00:09:21,707,
105701,中医内科学,178.0,专硕,1,,,2026-04-18 00:09:21,2026-04-18 00:09:21,708,
105702,中医外科学,178.0,专硕,1,,,2026-04-18 00:09:21,2026-04-18 00:09:21,709,
105705,中医儿科学,178.0,专硕,1,,,2026-04-18 00:09:21,2026-04-18 00:09:21,710,
105706,中医五官科学,178.0,专硕,1,,,2026-04-18 00:09:21,2026-04-18 00:09:21,711,
105707,针灸推拿学,178.0,专硕,1,,,2026-04-18 00:09:21,2026-04-18 00:09:21,712,
105709,中西医结合临床,178.0,专硕,1,,,2026-04-18 00:09:21,2026-04-18 00:09:21,713,
105703,中医骨伤科学,178.0,专硕,1,,,2026-04-18 00:09:21,2026-04-18 00:09:21,714,
105704,中医妇科学,178.0,专硕,1,,,2026-04-18 00:09:21,2026-04-18 00:09:21,715,
105710,全科医学,178.0,专硕,1,,,2026-04-18 00:09:21,2026-04-18 00:09:21,716,
105700,中医,178.0,专硕,1,,,2026-04-18 00:09:21,2026-04-18 00:09:21,717,
105708,民族医学,178.0,专硕,1,,,2026-04-18 00:09:21,2026-04-18 00:09:21,718,
105800,医学技术,179.0,专硕,1,,,2026-04-18 00:09:21,2026-04-18 00:09:21,719,
115200,联合作战指挥,180.0,专硕,1,,,2026-04-18 00:09:21,2026-04-18 00:09:21,720,
115300,军兵种作战指挥,181.0,专硕,1,,,2026-04-18 00:09:21,2026-04-18 00:09:21,721,
115400,作战指挥保障,182.0,专硕,1,,,2026-04-18 00:09:21,2026-04-18 00:09:21,722,
115500,战时政治工作,183.0,专硕,1,,,2026-04-18 00:09:21,2026-04-18 00:09:21,723,
115600,后勤与装备保障,184.0,专硕,1,,,2026-04-18 00:09:21,2026-04-18 00:09:21,724,
115700,军事训练与管理,185.0,专硕,1,,,2026-04-18 00:09:21,2026-04-18 00:09:21,725,
125100,工商管理,186.0,专硕,1,,,2026-04-18 00:09:21,2026-04-18 00:09:21,726,
125200,公共管理,187.0,专硕,1,,,2026-04-18 00:09:21,2026-04-18 00:09:21,727,
125300,会计,188.0,专硕,1,,,2026-04-18 00:09:21,2026-04-18 00:09:21,728,
125400,旅游管理,189.0,专硕,1,,,2026-04-18 00:09:21,2026-04-18 00:09:21,729,
125500,图书情报,190.0,专硕,1,,,2026-04-18 00:09:21,2026-04-18 00:09:21,730,
125600,工程管理,191.0,专硕,1,,,2026-04-18 00:09:21,2026-04-18 00:09:21,731,
125601,工程管理,191.0,专硕,1,,,2026-04-18 00:09:21,2026-04-18 00:09:21,732,
125604,物流工程与管理,191.0,专硕,1,,,2026-04-18 00:09:21,2026-04-18 00:09:21,733,
125603,工业工程与管理,191.0,专硕,1,,,2026-04-18 00:09:21,2026-04-18 00:09:21,734,
125602,项目管理,191.0,专硕,1,,,2026-04-18 00:09:21,2026-04-18 00:09:21,735,
125700,审计,192.0,专硕,1,,,2026-04-18 00:09:21,2026-04-18 00:09:21,736,
135200,音乐,193.0,专硕,1,,,2026-04-18 00:09:21,2026-04-18 00:09:21,737,
135300,舞蹈,194.0,专硕,1,,,2026-04-18 00:09:21,2026-04-18 00:09:21,738,
135400,戏剧与影视,195.0,专硕,1,,,2026-04-18 00:09:21,2026-04-18 00:09:21,739,
135500,戏曲与曲艺,196.0,专硕,1,,,2026-04-18 00:09:21,2026-04-18 00:09:21,740,
135600,美术与书法,197.0,专硕,1,,,2026-04-18 00:09:21,2026-04-18 00:09:21,741,
135700,设计,198.0,专硕,1,,,2026-04-18 00:09:21,2026-04-18 00:09:21,742,
145100,文物,199.0,专硕,1,,,2026-04-18 00:09:21,2026-04-18 00:09:21,743,
