name,code,province,city,type,belong,website,level,logo,longitude,latitude,status,created_at,updated_at,deleted_at
海军军医大学,91020,,,,其他,,双非,,,,1,2026-04-18 00:09:21,2026-04-18 00:09:21,
沈阳建筑大学,10153,,,,其他,,双非,,,,1,2026-04-18 00:09:21,2026-04-18 00:09:21,
东南大学,10286,,,,其他,,双非,,,,1,2026-04-18 00:09:21,2026-04-18 00:09:21,
广西医科大学,10598,,,,其他,,双非,,,,1,2026-04-18 00:09:21,2026-04-18 00:09:21,
河北医科大学,10089,,,,其他,,双非,,,,1,2026-04-18 00:09:21,2026-04-18 00:09:21,
陕西理工大学,10720,,,,其他,,双非,,,,1,2026-04-18 00:09:21,2026-04-18 00:09:21,
安徽中医药大学,10369,,,,其他,,双非,,,,1,2026-04-18 00:09:21,2026-04-18 00:09:21,
华东理工大学,10251,,,,其他,,双非,,,,1,2026-04-18 00:09:21,2026-04-18 00:09:21,
南华大学,10555,,,,其他,,双非,,,,1,2026-04-18 00:09:21,2026-04-18 00:09:21,
安徽大学,10357,,,,其他,,双非,,,,1,2026-04-18 00:09:21,2026-04-18 00:09:21,
北京大学,10001,,,,其他,,双非,,,,1,2026-04-18 00:09:21,2026-04-18 00:09:21,
潍坊医学院,10438,,,,其他,,双非,,,,1,2026-04-18 00:09:21,2026-04-18 00:09:21,
辽宁科技大学,10146,,,,其他,,双非,,,,1,2026-04-18 00:09:21,2026-04-18 00:09:21,
大连交通大学,10150,,,,其他,,双非,,,,1,2026-04-18 00:09:21,2026-04-18 00:09:21,
陆军军医大学,91012,,,,其他,,双非,,,,1,2026-04-18 00:09:21,2026-04-18 00:09:21,
新疆医科大学,10760,,,,其他,,双非,,,,1,2026-04-18 00:09:21,2026-04-18 00:09:21,
海军工程大学,91016,,,,其他,,双非,,,,1,2026-04-18 00:09:21,2026-04-18 00:09:21,
南京林业大学,10298,,,,其他,,双非,,,,1,2026-04-18 00:09:21,2026-04-18 00:09:21,
东华理工大学,10405,,,,其他,,双非,,,,1,2026-04-18 00:09:21,2026-04-18 00:09:21,
中国科学院大学,14430,,,,其他,,双非,,,,1,2026-04-18 00:09:21,2026-04-18 00:09:21,
西北师范大学,10736,,,,其他,,双非,,,,1,2026-04-18 00:09:21,2026-04-18 00:09:21,
中央财经大学,10034,,,,其他,,双非,,,,1,2026-04-18 00:09:21,2026-04-18 00:09:21,
浙江中医药大学,10344,,,,其他,,双非,,,,1,2026-04-18 00:09:21,2026-04-18 00:09:21,
上海交通大学,10248,,,,其他,,双非,,,,1,2026-04-18 00:09:21,2026-04-18 00:09:21,
西北工业大学,10699,,,,其他,,双非,,,,1,2026-04-18 00:09:21,2026-04-18 00:09:21,
昆明理工大学,10674,,,,其他,,双非,,,,1,2026-04-18 00:09:21,2026-04-18 00:09:21,
安徽理工大学,10361,,,,其他,,双非,,,,1,2026-04-18 00:09:21,2026-04-18 00:09:21,
新疆财经大学,10766,,,,其他,,双非,,,,1,2026-04-18 00:09:21,2026-04-18 00:09:21,
甘肃农业大学,10733,,,,其他,,双非,,,,1,2026-04-18 00:09:21,2026-04-18 00:09:21,
同济大学,10247,,,,其他,,双非,,,,1,2026-04-18 00:09:21,2026-04-18 00:09:21,
苏州大学,10285,,,,其他,,双非,,,,1,2026-04-18 00:09:21,2026-04-18 00:09:21,
西南大学,10635,,,,其他,,双非,,,,1,2026-04-18 00:09:21,2026-04-18 00:09:21,
中南民族大学,10524,,,,其他,,双非,,,,1,2026-04-18 00:09:21,2026-04-18 00:09:21,
东北大学,10145,,,,其他,,双非,,,,1,2026-04-18 00:09:21,2026-04-18 00:09:21,
承德医学院,10093,,,,其他,,双非,,,,1,2026-04-18 00:09:21,2026-04-18 00:09:21,
汕头大学,10560,,,,其他,,双非,,,,1,2026-04-18 00:09:21,2026-04-18 00:09:21,
郑州大学,10459,,,,其他,,双非,,,,1,2026-04-18 00:09:21,2026-04-18 00:09:21,
广州体育学院,10585,,,,其他,,双非,,,,1,2026-04-18 00:09:21,2026-04-18 00:09:21,
长江大学,10489,,,,其他,,双非,,,,1,2026-04-18 00:09:21,2026-04-18 00:09:21,
上海音乐学院,10278,,,,其他,,双非,,,,1,2026-04-18 00:09:21,2026-04-18 00:09:21,
首都师范大学,10028,,,,其他,,双非,,,,1,2026-04-18 00:09:21,2026-04-18 00:09:21,
湖南师范大学,10542,,,,其他,,双非,,,,1,2026-04-18 00:09:21,2026-04-18 00:09:21,
东华大学,10255,,,,其他,,双非,,,,1,2026-04-18 00:09:21,2026-04-18 00:09:21,
中冶建筑研究总院有限公司,82602,,,,其他,,双非,,,,1,2026-04-18 00:09:21,2026-04-18 00:09:21,
清华大学,10003,,,,其他,,双非,,,,1,2026-04-18 00:09:21,2026-04-18 00:09:21,
军事科学院,91101,,,,其他,,双非,,,,1,2026-04-18 00:09:21,2026-04-18 00:09:21,
江西师范大学,10414,,,,其他,,双非,,,,1,2026-04-18 00:09:21,2026-04-18 00:09:21,
大连理工大学,10141,,,,其他,,双非,,,,1,2026-04-18 00:09:21,2026-04-18 00:09:21,
河北大学,10075,,,,其他,,双非,,,,1,2026-04-18 00:09:21,2026-04-18 00:09:21,
内蒙古民族大学,10136,,,,其他,,双非,,,,1,2026-04-18 00:09:21,2026-04-18 00:09:21,
西安电子科技大学,10701,,,,其他,,双非,,,,1,2026-04-18 00:09:21,2026-04-18 00:09:21,
南昌大学,10403,,,,其他,,双非,,,,1,2026-04-18 00:09:21,2026-04-18 00:09:21,
安徽工业大学,10360,,,,其他,,双非,,,,1,2026-04-18 00:09:21,2026-04-18 00:09:21,
北京航空航天大学,10006,,,,其他,,双非,,,,1,2026-04-18 00:09:21,2026-04-18 00:09:21,
内蒙古大学,10126,,,,其他,,双非,,,,1,2026-04-18 00:09:21,2026-04-18 00:09:21,
南宁师范大学,10603,,,,其他,,双非,,,,1,2026-04-18 00:09:21,2026-04-18 00:09:21,
北京语言大学,10032,,,,其他,,双非,,,,1,2026-04-18 00:09:21,2026-04-18 00:09:21,
云南师范大学,10681,,,,其他,,双非,,,,1,2026-04-18 00:09:21,2026-04-18 00:09:21,
福建师范大学,10394,,,,其他,,双非,,,,1,2026-04-18 00:09:21,2026-04-18 00:09:21,
新乡医学院,10472,,,,其他,,双非,,,,1,2026-04-18 00:09:21,2026-04-18 00:09:21,
南京农业大学,10307,,,,其他,,双非,,,,1,2026-04-18 00:09:21,2026-04-18 00:09:21,
北京科技大学,10008,,,,其他,,双非,,,,1,2026-04-18 00:09:21,2026-04-18 00:09:21,
浙江理工大学,10338,,,,其他,,双非,,,,1,2026-04-18 00:09:21,2026-04-18 00:09:21,
山东中医药大学,10441,,,,其他,,双非,,,,1,2026-04-18 00:09:21,2026-04-18 00:09:21,
内蒙古农业大学,10129,,,,其他,,双非,,,,1,2026-04-18 00:09:21,2026-04-18 00:09:21,
中国音乐学院,10046,,,,其他,,双非,,,,1,2026-04-18 00:09:21,2026-04-18 00:09:21,
湖北文理学院,10519,,,,其他,,双非,,,,1,2026-04-18 00:09:21,2026-04-18 00:09:21,
东北石油大学,10220,,,,其他,,双非,,,,1,2026-04-18 00:09:21,2026-04-18 00:09:21,
江南大学,10295,,,,其他,,双非,,,,1,2026-04-18 00:09:21,2026-04-18 00:09:21,
湖北工业大学,10500,,,,其他,,双非,,,,1,2026-04-18 00:09:21,2026-04-18 00:09:21,
安徽师范大学,10370,,,,其他,,双非,,,,1,2026-04-18 00:09:21,2026-04-18 00:09:21,
桂林理工大学,10596,,,,其他,,双非,,,,1,2026-04-18 00:09:21,2026-04-18 00:09:21,
河北科技大学,10082,,,,其他,,双非,,,,1,2026-04-18 00:09:21,2026-04-18 00:09:21,
合肥工业大学,10359,,,,其他,,双非,,,,1,2026-04-18 00:09:21,2026-04-18 00:09:21,
西安交通大学,10698,,,,其他,,双非,,,,1,2026-04-18 00:09:21,2026-04-18 00:09:21,
哈尔滨医科大学,10226,,,,其他,,双非,,,,1,2026-04-18 00:09:21,2026-04-18 00:09:21,
广西中医药大学,10600,,,,其他,,双非,,,,1,2026-04-18 00:09:21,2026-04-18 00:09:21,
四川农业大学,10626,,,,其他,,双非,,,,1,2026-04-18 00:09:21,2026-04-18 00:09:21,
皖南医学院,10368,,,,其他,,双非,,,,1,2026-04-18 00:09:21,2026-04-18 00:09:21,
浙江大学,10335,,,,其他,,双非,,,,1,2026-04-18 00:09:21,2026-04-18 00:09:21,
厦门大学,10384,,,,其他,,双非,,,,1,2026-04-18 00:09:21,2026-04-18 00:09:21,
上海工程技术大学,10856,,,,其他,,双非,,,,1,2026-04-18 00:09:21,2026-04-18 00:09:21,
中南大学,10533,,,,其他,,双非,,,,1,2026-04-18 00:09:21,2026-04-18 00:09:21,
西华大学,10623,,,,其他,,双非,,,,1,2026-04-18 00:09:21,2026-04-18 00:09:21,
华北电力大学,10054,,,,其他,,双非,,,,1,2026-04-18 00:09:21,2026-04-18 00:09:21,
武汉纺织大学,10495,,,,其他,,双非,,,,1,2026-04-18 00:09:21,2026-04-18 00:09:21,
赣南师范大学,10418,,,,其他,,双非,,,,1,2026-04-18 00:09:21,2026-04-18 00:09:21,
山东大学,10422,,,,其他,,双非,,,,1,2026-04-18 00:09:21,2026-04-18 00:09:21,
华东师范大学,10269,,,,其他,,双非,,,,1,2026-04-18 00:09:21,2026-04-18 00:09:21,
中国计量大学,10356,,,,其他,,双非,,,,1,2026-04-18 00:09:21,2026-04-18 00:09:21,
四川大学,10610,,,,其他,,双非,,,,1,2026-04-18 00:09:21,2026-04-18 00:09:21,
长春师范大学,10205,,,,其他,,双非,,,,1,2026-04-18 00:09:21,2026-04-18 00:09:21,
吉林艺术学院,10209,,,,其他,,双非,,,,1,2026-04-18 00:09:21,2026-04-18 00:09:21,
云南农业大学,10676,,,,其他,,双非,,,,1,2026-04-18 00:09:21,2026-04-18 00:09:21,
江苏科技大学,10289,,,,其他,,双非,,,,1,2026-04-18 00:09:21,2026-04-18 00:09:21,
江西农业大学,10410,,,,其他,,双非,,,,1,2026-04-18 00:09:21,2026-04-18 00:09:21,
南京理工大学,10288,,,,其他,,双非,,,,1,2026-04-18 00:09:21,2026-04-18 00:09:21,
暨南大学,10559,,,,其他,,双非,,,,1,2026-04-18 00:09:21,2026-04-18 00:09:21,
北华大学,10201,,,,其他,,双非,,,,1,2026-04-18 00:09:21,2026-04-18 00:09:21,
中国农业大学,10019,,,,其他,,双非,,,,1,2026-04-18 00:09:21,2026-04-18 00:09:21,
西安石油大学,10705,,,,其他,,双非,,,,1,2026-04-18 00:09:21,2026-04-18 00:09:21,
浙江农林大学,10341,,,,其他,,双非,,,,1,2026-04-18 00:09:21,2026-04-18 00:09:21,
上海外国语大学,10271,,,,其他,,双非,,,,1,2026-04-18 00:09:21,2026-04-18 00:09:21,
南京审计大学,11287,,,,其他,,双非,,,,1,2026-04-18 00:09:21,2026-04-18 00:09:21,
辽宁石油化工大学,10148,,,,其他,,双非,,,,1,2026-04-18 00:09:21,2026-04-18 00:09:21,
西藏农牧学院,10693,,,,其他,,双非,,,,1,2026-04-18 00:09:21,2026-04-18 00:09:21,
陆军炮兵防空兵学院,91007,,,,其他,,双非,,,,1,2026-04-18 00:09:21,2026-04-18 00:09:21,
中国科学技术大学,10358,,,,其他,,双非,,,,1,2026-04-18 00:09:21,2026-04-18 00:09:21,
福建医科大学,10392,,,,其他,,双非,,,,1,2026-04-18 00:09:21,2026-04-18 00:09:21,
太原科技大学,10109,,,,其他,,双非,,,,1,2026-04-18 00:09:21,2026-04-18 00:09:21,
桂林电子科技大学,10595,,,,其他,,双非,,,,1,2026-04-18 00:09:21,2026-04-18 00:09:21,
江苏大学,10299,,,,其他,,双非,,,,1,2026-04-18 00:09:21,2026-04-18 00:09:21,
河南师范大学,10476,,,,其他,,双非,,,,1,2026-04-18 00:09:21,2026-04-18 00:09:21,
云南中医药大学,10680,,,,其他,,双非,,,,1,2026-04-18 00:09:21,2026-04-18 00:09:21,
湖南中医药大学,10541,,,,其他,,双非,,,,1,2026-04-18 00:09:21,2026-04-18 00:09:21,
天津商业大学,10069,,,,其他,,双非,,,,1,2026-04-18 00:09:21,2026-04-18 00:09:21,
大连外国语大学,10172,,,,其他,,双非,,,,1,2026-04-18 00:09:21,2026-04-18 00:09:21,
华中光电技术研究所,86216,,,,其他,,双非,,,,1,2026-04-18 00:09:21,2026-04-18 00:09:21,
山西中医药大学,10809,,,,其他,,双非,,,,1,2026-04-18 00:09:21,2026-04-18 00:09:21,
鲁东大学,10451,,,,其他,,双非,,,,1,2026-04-18 00:09:21,2026-04-18 00:09:21,
广东海洋大学,10566,,,,其他,,双非,,,,1,2026-04-18 00:09:21,2026-04-18 00:09:21,
四川省社会科学院,89101,,,,其他,,双非,,,,1,2026-04-18 00:09:21,2026-04-18 00:09:21,
中南财经政法大学,10520,,,,其他,,双非,,,,1,2026-04-18 00:09:21,2026-04-18 00:09:21,
华北水利水电大学,10078,,,,其他,,双非,,,,1,2026-04-18 00:09:21,2026-04-18 00:09:21,
北京第二外国语学院,10031,,,,其他,,双非,,,,1,2026-04-18 00:09:21,2026-04-18 00:09:21,
解放军医学院,91102,,,,其他,,双非,,,,1,2026-04-18 00:09:21,2026-04-18 00:09:21,
山东师范大学,10445,,,,其他,,双非,,,,1,2026-04-18 00:09:21,2026-04-18 00:09:21,
空军军医大学,91030,,,,其他,,双非,,,,1,2026-04-18 00:09:21,2026-04-18 00:09:21,
复旦大学,10246,,,,其他,,双非,,,,1,2026-04-18 00:09:21,2026-04-18 00:09:21,
上海对外经贸大学,10273,,,,其他,,双非,,,,1,2026-04-18 00:09:21,2026-04-18 00:09:21,
南京医科大学,10312,,,,其他,,双非,,,,1,2026-04-18 00:09:21,2026-04-18 00:09:21,
西北大学,10697,,,,其他,,双非,,,,1,2026-04-18 00:09:21,2026-04-18 00:09:21,
山西大学,10108,,,,其他,,双非,,,,1,2026-04-18 00:09:21,2026-04-18 00:09:21,
渤海大学,10167,,,,其他,,双非,,,,1,2026-04-18 00:09:21,2026-04-18 00:09:21,
太原理工大学,10112,,,,其他,,双非,,,,1,2026-04-18 00:09:21,2026-04-18 00:09:21,
哈尔滨商业大学,10240,,,,其他,,双非,,,,1,2026-04-18 00:09:21,2026-04-18 00:09:21,
河南中医药大学,10471,,,,其他,,双非,,,,1,2026-04-18 00:09:21,2026-04-18 00:09:21,
宁夏大学,10749,,,,其他,,双非,,,,1,2026-04-18 00:09:21,2026-04-18 00:09:21,
哈尔滨师范大学,10231,,,,其他,,双非,,,,1,2026-04-18 00:09:21,2026-04-18 00:09:21,
北京交通大学,10004,,,,其他,,双非,,,,1,2026-04-18 00:09:21,2026-04-18 00:09:21,
杭州电子科技大学,10336,,,,其他,,双非,,,,1,2026-04-18 00:09:21,2026-04-18 00:09:21,
华中科技大学,10487,,,,其他,,双非,,,,1,2026-04-18 00:09:21,2026-04-18 00:09:21,
吉林建筑大学,10191,,,,其他,,双非,,,,1,2026-04-18 00:09:21,2026-04-18 00:09:21,
江苏师范大学,10320,,,,其他,,双非,,,,1,2026-04-18 00:09:21,2026-04-18 00:09:21,
中山大学,10558,,,,其他,,双非,,,,1,2026-04-18 00:09:21,2026-04-18 00:09:21,
湖北美术学院,10523,,,,其他,,双非,,,,1,2026-04-18 00:09:21,2026-04-18 00:09:21,
天津工业大学,10058,,,,其他,,双非,,,,1,2026-04-18 00:09:21,2026-04-18 00:09:21,
扬州大学,11117,,,,其他,,双非,,,,1,2026-04-18 00:09:21,2026-04-18 00:09:21,
兰州交通大学,10732,,,,其他,,双非,,,,1,2026-04-18 00:09:21,2026-04-18 00:09:21,
山西财经大学,10125,,,,其他,,双非,,,,1,2026-04-18 00:09:21,2026-04-18 00:09:21,
天津大学,10056,,,,其他,,双非,,,,1,2026-04-18 00:09:21,2026-04-18 00:09:21,
河南工业大学,10463,,,,其他,,双非,,,,1,2026-04-18 00:09:21,2026-04-18 00:09:21,
陕西科技大学,10708,,,,其他,,双非,,,,1,2026-04-18 00:09:21,2026-04-18 00:09:21,
武汉大学,10486,,,,其他,,双非,,,,1,2026-04-18 00:09:21,2026-04-18 00:09:21,
三亚学院,13892,,,,其他,,双非,,,,1,2026-04-18 00:09:21,2026-04-18 00:09:21,
首都医科大学,10025,,,,其他,,双非,,,,1,2026-04-18 00:09:21,2026-04-18 00:09:21,
云南大学,10673,,,,其他,,双非,,,,1,2026-04-18 00:09:21,2026-04-18 00:09:21,
烟台大学,11066,,,,其他,,双非,,,,1,2026-04-18 00:09:21,2026-04-18 00:09:21,
华北理工大学,10081,,,,其他,,双非,,,,1,2026-04-18 00:09:21,2026-04-18 00:09:21,
南京大学,10284,,,,其他,,双非,,,,1,2026-04-18 00:09:21,2026-04-18 00:09:21,
河南理工大学,10460,,,,其他,,双非,,,,1,2026-04-18 00:09:21,2026-04-18 00:09:21,
华中农业大学,10504,,,,其他,,双非,,,,1,2026-04-18 00:09:21,2026-04-18 00:09:21,
河南科技大学,10464,,,,其他,,双非,,,,1,2026-04-18 00:09:21,2026-04-18 00:09:21,
江西中医药大学,10412,,,,其他,,双非,,,,1,2026-04-18 00:09:21,2026-04-18 00:09:21,
兰州大学,10730,,,,其他,,双非,,,,1,2026-04-18 00:09:21,2026-04-18 00:09:21,
西北政法大学,10726,,,,其他,,双非,,,,1,2026-04-18 00:09:21,2026-04-18 00:09:21,
武汉音乐学院,11524,,,,其他,,双非,,,,1,2026-04-18 00:09:21,2026-04-18 00:09:21,
伊犁师范大学,10764,,,,其他,,双非,,,,1,2026-04-18 00:09:21,2026-04-18 00:09:21,
郑州轻工业大学,10462,,,,其他,,双非,,,,1,2026-04-18 00:09:21,2026-04-18 00:09:21,
吉林农业大学,10193,,,,其他,,双非,,,,1,2026-04-18 00:09:21,2026-04-18 00:09:21,
南方医科大学,12121,,,,其他,,双非,,,,1,2026-04-18 00:09:21,2026-04-18 00:09:21,
山西师范大学,10118,,,,其他,,双非,,,,1,2026-04-18 00:09:21,2026-04-18 00:09:21,
中原工学院,10465,,,,其他,,双非,,,,1,2026-04-18 00:09:21,2026-04-18 00:09:21,
温州大学,10351,,,,其他,,双非,,,,1,2026-04-18 00:09:21,2026-04-18 00:09:21,
新疆师范大学,10762,,,,其他,,双非,,,,1,2026-04-18 00:09:21,2026-04-18 00:09:21,
内蒙古师范大学,10135,,,,其他,,双非,,,,1,2026-04-18 00:09:21,2026-04-18 00:09:21,
安徽医科大学,10366,,,,其他,,双非,,,,1,2026-04-18 00:09:21,2026-04-18 00:09:21,
贵州大学,10657,,,,其他,,双非,,,,1,2026-04-18 00:09:21,2026-04-18 00:09:21,
贵州师范大学,10663,,,,其他,,双非,,,,1,2026-04-18 00:09:21,2026-04-18 00:09:21,
东北财经大学,10173,,,,其他,,双非,,,,1,2026-04-18 00:09:21,2026-04-18 00:09:21,
湖南工业大学,11535,,,,其他,,双非,,,,1,2026-04-18 00:09:21,2026-04-18 00:09:21,
天津职业技术师范大学,10066,,,,其他,,双非,,,,1,2026-04-18 00:09:21,2026-04-18 00:09:21,
长沙理工大学,10536,,,,其他,,双非,,,,1,2026-04-18 00:09:21,2026-04-18 00:09:21,
中国农业科学院,82101,,,,其他,,双非,,,,1,2026-04-18 00:09:21,2026-04-18 00:09:21,
山东工艺美术学院,10908,,,,其他,,双非,,,,1,2026-04-18 00:09:21,2026-04-18 00:09:21,
山东科技大学,10424,,,,其他,,双非,,,,1,2026-04-18 00:09:21,2026-04-18 00:09:21,
重庆大学,10611,,,,其他,,双非,,,,1,2026-04-18 00:09:21,2026-04-18 00:09:21,
哈尔滨理工大学,10214,,,,其他,,双非,,,,1,2026-04-18 00:09:21,2026-04-18 00:09:21,
西安现代控制技术研究所,83112,,,,其他,,双非,,,,1,2026-04-18 00:09:21,2026-04-18 00:09:21,
广州医科大学,10570,,,,其他,,双非,,,,1,2026-04-18 00:09:21,2026-04-18 00:09:21,
北京理工大学,10007,,,,其他,,双非,,,,1,2026-04-18 00:09:21,2026-04-18 00:09:21,
成都信息工程大学,10621,,,,其他,,双非,,,,1,2026-04-18 00:09:21,2026-04-18 00:09:21,
陕西师范大学,10718,,,,其他,,双非,,,,1,2026-04-18 00:09:21,2026-04-18 00:09:21,
延边大学,10184,,,,其他,,双非,,,,1,2026-04-18 00:09:21,2026-04-18 00:09:21,
河南大学,10475,,,,其他,,双非,,,,1,2026-04-18 00:09:21,2026-04-18 00:09:21,
四川师范大学,10636,,,,其他,,双非,,,,1,2026-04-18 00:09:21,2026-04-18 00:09:21,
新疆大学,10755,,,,其他,,双非,,,,1,2026-04-18 00:09:21,2026-04-18 00:09:21,
南京工业大学,10291,,,,其他,,双非,,,,1,2026-04-18 00:09:21,2026-04-18 00:09:21,
福州大学,10386,,,,其他,,双非,,,,1,2026-04-18 00:09:21,2026-04-18 00:09:21,
中国人民大学,10002,,,,其他,,双非,,,,1,2026-04-18 00:09:21,2026-04-18 00:09:21,
陕西中医药大学,10716,,,,其他,,双非,,,,1,2026-04-18 00:09:21,2026-04-18 00:09:21,
北京服装学院,10012,,,,其他,,双非,,,,1,2026-04-18 00:09:21,2026-04-18 00:09:21,
青岛科技大学,10426,,,,其他,,双非,,,,1,2026-04-18 00:09:21,2026-04-18 00:09:21,
天津外国语大学,10068,,,,其他,,双非,,,,1,2026-04-18 00:09:21,2026-04-18 00:09:21,
广西大学,10593,,,,其他,,双非,,,,1,2026-04-18 00:09:21,2026-04-18 00:09:21,
江西财经大学,10421,,,,其他,,双非,,,,1,2026-04-18 00:09:21,2026-04-18 00:09:21,
中国地质大学,11415,,,,其他,,双非,,,,1,2026-04-18 00:09:21,2026-04-18 00:09:21,
辽宁工程技术大学,10147,,,,其他,,双非,,,,1,2026-04-18 00:09:21,2026-04-18 00:09:21,
中国石油大学,11414,,,,其他,,双非,,,,1,2026-04-18 00:09:21,2026-04-18 00:09:21,
西南林业大学,10677,,,,其他,,双非,,,,1,2026-04-18 00:09:21,2026-04-18 00:09:21,
昆明医科大学,10678,,,,其他,,双非,,,,1,2026-04-18 00:09:21,2026-04-18 00:09:21,
吉林大学,10183,,,,其他,,双非,,,,1,2026-04-18 00:09:21,2026-04-18 00:09:21,
湖南大学,10532,,,,其他,,双非,,,,1,2026-04-18 00:09:21,2026-04-18 00:09:21,
厦门理工学院,11062,,,,其他,,双非,,,,1,2026-04-18 00:09:21,2026-04-18 00:09:21,
西华师范大学,10638,,,,其他,,双非,,,,1,2026-04-18 00:09:21,2026-04-18 00:09:21,
中国药科大学,10316,,,,其他,,双非,,,,1,2026-04-18 00:09:21,2026-04-18 00:09:21,
电子科技大学,10614,,,,其他,,双非,,,,1,2026-04-18 00:09:21,2026-04-18 00:09:21,
中国铁道科学研究院,83801,,,,其他,,双非,,,,1,2026-04-18 00:09:21,2026-04-18 00:09:21,
塔里木大学,10757,,,,其他,,双非,,,,1,2026-04-18 00:09:21,2026-04-18 00:09:21,
中国地质大学,10491,,,,其他,,双非,,,,1,2026-04-18 00:09:21,2026-04-18 00:09:21,
集美大学,10390,,,,其他,,双非,,,,1,2026-04-18 00:09:21,2026-04-18 00:09:21,
上海电机学院,11458,,,,其他,,双非,,,,1,2026-04-18 00:09:21,2026-04-18 00:09:21,
西南财经大学,10651,,,,其他,,双非,,,,1,2026-04-18 00:09:21,2026-04-18 00:09:21,
贵州民族大学,10672,,,,其他,,双非,,,,1,2026-04-18 00:09:21,2026-04-18 00:09:21,
武汉工程大学,10490,,,,其他,,双非,,,,1,2026-04-18 00:09:21,2026-04-18 00:09:21,
武汉理工大学,10497,,,,其他,,双非,,,,1,2026-04-18 00:09:21,2026-04-18 00:09:21,
上海理工大学,10252,,,,其他,,双非,,,,1,2026-04-18 00:09:21,2026-04-18 00:09:21,
山东建筑大学,10430,,,,其他,,双非,,,,1,2026-04-18 00:09:21,2026-04-18 00:09:21,
华侨大学,10385,,,,其他,,双非,,,,1,2026-04-18 00:09:21,2026-04-18 00:09:21,
武汉科技大学,10488,,,,其他,,双非,,,,1,2026-04-18 00:09:21,2026-04-18 00:09:21,
河北师范大学,10094,,,,其他,,双非,,,,1,2026-04-18 00:09:21,2026-04-18 00:09:21,
华北电力大学,10079,,,,其他,,双非,,,,1,2026-04-18 00:09:21,2026-04-18 00:09:21,
贵州财经大学,10671,,,,其他,,双非,,,,1,2026-04-18 00:09:21,2026-04-18 00:09:21,
上海大学,10280,,,,其他,,双非,,,,1,2026-04-18 00:09:21,2026-04-18 00:09:21,
长安大学,10710,,,,其他,,双非,,,,1,2026-04-18 00:09:21,2026-04-18 00:09:21,
吉首大学,10531,,,,其他,,双非,,,,1,2026-04-18 00:09:21,2026-04-18 00:09:21,
河北农业大学,10086,,,,其他,,双非,,,,1,2026-04-18 00:09:21,2026-04-18 00:09:21,
天津农学院,10061,,,,其他,,双非,,,,1,2026-04-18 00:09:21,2026-04-18 00:09:21,
郑州航空工业管理学院,10485,,,,其他,,双非,,,,1,2026-04-18 00:09:21,2026-04-18 00:09:21,
哈尔滨工业大学,10213,,,,其他,,双非,,,,1,2026-04-18 00:09:21,2026-04-18 00:09:21,
河北科技师范学院,10798,,,,其他,,双非,,,,1,2026-04-18 00:09:21,2026-04-18 00:09:21,
湖北大学,10512,,,,其他,,双非,,,,1,2026-04-18 00:09:21,2026-04-18 00:09:21,
北京体育大学,10043,,,,其他,,双非,,,,1,2026-04-18 00:09:21,2026-04-18 00:09:21,
兰州理工大学,10731,,,,其他,,双非,,,,1,2026-04-18 00:09:21,2026-04-18 00:09:21,
上海中医药大学,10268,,,,其他,,双非,,,,1,2026-04-18 00:09:21,2026-04-18 00:09:21,
河北工业大学,10080,,,,其他,,双非,,,,1,2026-04-18 00:09:21,2026-04-18 00:09:21,
重庆邮电大学,10617,,,,其他,,双非,,,,1,2026-04-18 00:09:21,2026-04-18 00:09:21,
中北大学,10110,,,,其他,,双非,,,,1,2026-04-18 00:09:21,2026-04-18 00:09:21,
延安大学,10719,,,,其他,,双非,,,,1,2026-04-18 00:09:21,2026-04-18 00:09:21,
南昌航空大学,10406,,,,其他,,双非,,,,1,2026-04-18 00:09:21,2026-04-18 00:09:21,
五邑大学,11349,,,,其他,,双非,,,,1,2026-04-18 00:09:21,2026-04-18 00:09:21,
北京师范大学,10027,,,,其他,,双非,,,,1,2026-04-18 00:09:21,2026-04-18 00:09:21,
海南大学,10589,,,,其他,,双非,,,,1,2026-04-18 00:09:21,2026-04-18 00:09:21,
三峡大学,11075,,,,其他,,双非,,,,1,2026-04-18 00:09:21,2026-04-18 00:09:21,
广西科技大学,10594,,,,其他,,双非,,,,1,2026-04-18 00:09:21,2026-04-18 00:09:21,
广东外语外贸大学,11846,,,,其他,,双非,,,,1,2026-04-18 00:09:21,2026-04-18 00:09:21,
深圳大学,10590,,,,其他,,双非,,,,1,2026-04-18 00:09:21,2026-04-18 00:09:21,
中国戏曲学院,10049,,,,其他,,双非,,,,1,2026-04-18 00:09:21,2026-04-18 00:09:21,
西南交通大学,10613,,,,其他,,双非,,,,1,2026-04-18 00:09:21,2026-04-18 00:09:21,
山西医科大学,10114,,,,其他,,双非,,,,1,2026-04-18 00:09:21,2026-04-18 00:09:21,
江西科技师范大学,11318,,,,其他,,双非,,,,1,2026-04-18 00:09:21,2026-04-18 00:09:21,
中国农业机械化科学研究院,82715,,,,其他,,双非,,,,1,2026-04-18 00:09:21,2026-04-18 00:09:21,
东北林业大学,10225,,,,其他,,双非,,,,1,2026-04-18 00:09:21,2026-04-18 00:09:21,
大连大学,11258,,,,其他,,双非,,,,1,2026-04-18 00:09:21,2026-04-18 00:09:21,
空军工程大学,91024,,,,其他,,双非,,,,1,2026-04-18 00:09:21,2026-04-18 00:09:21,
贵州中医药大学,10662,,,,其他,,双非,,,,1,2026-04-18 00:09:21,2026-04-18 00:09:21,
浙江科技学院,11057,,,,其他,,双非,,,,1,2026-04-18 00:09:21,2026-04-18 00:09:21,
上海师范大学,10270,,,,其他,,双非,,,,1,2026-04-18 00:09:21,2026-04-18 00:09:21,
陆军工程大学,91004,,,,其他,,双非,,,,1,2026-04-18 00:09:21,2026-04-18 00:09:21,
成都理工大学,10616,,,,其他,,双非,,,,1,2026-04-18 00:09:21,2026-04-18 00:09:21,
上海政法学院,11835,,,,其他,,双非,,,,1,2026-04-18 00:09:21,2026-04-18 00:09:21,
宜春学院,10417,,,,其他,,双非,,,,1,2026-04-18 00:09:21,2026-04-18 00:09:21,
中央戏剧学院,10048,,,,其他,,双非,,,,1,2026-04-18 00:09:21,2026-04-18 00:09:21,
华南师范大学,10574,,,,其他,,双非,,,,1,2026-04-18 00:09:21,2026-04-18 00:09:21,
长春理工大学,10186,,,,其他,,双非,,,,1,2026-04-18 00:09:21,2026-04-18 00:09:21,
北京工业大学,10005,,,,其他,,双非,,,,1,2026-04-18 00:09:21,2026-04-18 00:09:21,
云南民族大学,10691,,,,其他,,双非,,,,1,2026-04-18 00:09:21,2026-04-18 00:09:21,
华东交通大学,10404,,,,其他,,双非,,,,1,2026-04-18 00:09:21,2026-04-18 00:09:21,
沈阳农业大学,10157,,,,其他,,双非,,,,1,2026-04-18 00:09:21,2026-04-18 00:09:21,
南通大学,10304,,,,其他,,双非,,,,1,2026-04-18 00:09:21,2026-04-18 00:09:21,
广东工业大学,11845,,,,其他,,双非,,,,1,2026-04-18 00:09:21,2026-04-18 00:09:21,
山东农业大学,10434,,,,其他,,双非,,,,1,2026-04-18 00:09:21,2026-04-18 00:09:21,
东北师范大学,10200,,,,其他,,双非,,,,1,2026-04-18 00:09:21,2026-04-18 00:09:21,
重庆医科大学,10631,,,,其他,,双非,,,,1,2026-04-18 00:09:21,2026-04-18 00:09:21,
宁夏师范学院,10753,,,,其他,,双非,,,,1,2026-04-18 00:09:21,2026-04-18 00:09:21,
福建农林大学,10389,,,,其他,,双非,,,,1,2026-04-18 00:09:21,2026-04-18 00:09:21,
南京航空航天大学,10287,,,,其他,,双非,,,,1,2026-04-18 00:09:21,2026-04-18 00:09:21,
山东艺术学院,10458,,,,其他,,双非,,,,1,2026-04-18 00:09:21,2026-04-18 00:09:21,
江苏海洋大学,11641,,,,其他,,双非,,,,1,2026-04-18 00:09:21,2026-04-18 00:09:21,
长春中医药大学,10199,,,,其他,,双非,,,,1,2026-04-18 00:09:21,2026-04-18 00:09:21,
燕山大学,10216,,,,其他,,双非,,,,1,2026-04-18 00:09:21,2026-04-18 00:09:21,
北京协和医学院,10023,,,,其他,,双非,,,,1,2026-04-18 00:09:21,2026-04-18 00:09:21,
山西大同大学,10120,,,,其他,,双非,,,,1,2026-04-18 00:09:21,2026-04-18 00:09:21,
西南民族大学,10656,,,,其他,,双非,,,,1,2026-04-18 00:09:21,2026-04-18 00:09:21,
甘肃中医药大学,10735,,,,其他,,双非,,,,1,2026-04-18 00:09:21,2026-04-18 00:09:21,
浙江工业大学,10337,,,,其他,,双非,,,,1,2026-04-18 00:09:21,2026-04-18 00:09:21,
苏州科技大学,10332,,,,其他,,双非,,,,1,2026-04-18 00:09:21,2026-04-18 00:09:21,
华南理工大学,10561,,,,其他,,双非,,,,1,2026-04-18 00:09:21,2026-04-18 00:09:21,
辽宁师范大学,10165,,,,其他,,双非,,,,1,2026-04-18 00:09:21,2026-04-18 00:09:21,
北京林业大学,10022,,,,其他,,双非,,,,1,2026-04-18 00:09:21,2026-04-18 00:09:21,
中国航天科工集团第二研究院,83221,,,,其他,,双非,,,,1,2026-04-18 00:09:21,2026-04-18 00:09:21,
中国政法大学,10053,,,,其他,,双非,,,,1,2026-04-18 00:09:21,2026-04-18 00:09:21,
佳木斯大学,10222,,,,其他,,双非,,,,1,2026-04-18 00:09:21,2026-04-18 00:09:21,
南京中医药大学,10315,,,,其他,,双非,,,,1,2026-04-18 00:09:21,2026-04-18 00:09:21,
南京师范大学,10319,,,,其他,,双非,,,,1,2026-04-18 00:09:21,2026-04-18 00:09:21,
中华女子学院,11149,,,,其他,,双非,,,,1,2026-04-18 00:09:21,2026-04-18 00:09:21,
重庆交通大学,10618,,,,其他,,双非,,,,1,2026-04-18 00:09:21,2026-04-18 00:09:21,
中国传媒大学,10033,,,,其他,,双非,,,,1,2026-04-18 00:09:21,2026-04-18 00:09:21,
中国海洋大学,10423,,,,其他,,双非,,,,1,2026-04-18 00:09:21,2026-04-18 00:09:21,
青海民族大学,10748,,,,其他,,双非,,,,1,2026-04-18 00:09:21,2026-04-18 00:09:21,
对外经济贸易大学,10036,,,,其他,,双非,,,,1,2026-04-18 00:09:21,2026-04-18 00:09:21,
西安音乐学院,10728,,,,其他,,双非,,,,1,2026-04-18 00:09:21,2026-04-18 00:09:21,
河北经贸大学,11832,,,,其他,,双非,,,,1,2026-04-18 00:09:21,2026-04-18 00:09:21,
国际关系学院,10042,,,,其他,,双非,,,,1,2026-04-18 00:09:21,2026-04-18 00:09:21,
江汉大学,11072,,,,其他,,双非,,,,1,2026-04-18 00:09:21,2026-04-18 00:09:21,
中国艺术研究院,84201,,,,其他,,双非,,,,1,2026-04-18 00:09:21,2026-04-18 00:09:21,
安阳师范学院,10479,,,,其他,,双非,,,,1,2026-04-18 00:09:21,2026-04-18 00:09:21,
西安科技大学,10704,,,,其他,,双非,,,,1,2026-04-18 00:09:21,2026-04-18 00:09:21,
沈阳理工大学,10144,,,,其他,,双非,,,,1,2026-04-18 00:09:21,2026-04-18 00:09:21,
内蒙古科技大学,10127,,,,其他,,双非,,,,1,2026-04-18 00:09:21,2026-04-18 00:09:21,
哈尔滨工程大学,10217,,,,其他,,双非,,,,1,2026-04-18 00:09:21,2026-04-18 00:09:21,
中国矿业大学,10290,,,,其他,,双非,,,,1,2026-04-18 00:09:21,2026-04-18 00:09:21,
大连海事大学,10151,,,,其他,,双非,,,,1,2026-04-18 00:09:21,2026-04-18 00:09:21,
广西师范大学,10602,,,,其他,,双非,,,,1,2026-04-18 00:09:21,2026-04-18 00:09:21,
沈阳工业大学,10142,,,,其他,,双非,,,,1,2026-04-18 00:09:21,2026-04-18 00:09:21,
广州中医药大学,10572,,,,其他,,双非,,,,1,2026-04-18 00:09:21,2026-04-18 00:09:21,
南京财经大学,10327,,,,其他,,双非,,,,1,2026-04-18 00:09:21,2026-04-18 00:09:21,
淮北师范大学,10373,,,,其他,,双非,,,,1,2026-04-18 00:09:21,2026-04-18 00:09:21,
湖北医药学院,10929,,,,其他,,双非,,,,1,2026-04-18 00:09:21,2026-04-18 00:09:21,
太原师范学院,10119,,,,其他,,双非,,,,1,2026-04-18 00:09:21,2026-04-18 00:09:21,
四川轻化工大学,10622,,,,其他,,双非,,,,1,2026-04-18 00:09:21,2026-04-18 00:09:21,
信息工程大学,91037,,,,其他,,双非,,,,1,2026-04-18 00:09:21,2026-04-18 00:09:21,
川北医学院,10634,,,,其他,,双非,,,,1,2026-04-18 00:09:21,2026-04-18 00:09:21,
天津美术学院,10073,,,,其他,,双非,,,,1,2026-04-18 00:09:21,2026-04-18 00:09:21,
青岛农业大学,10435,,,,其他,,双非,,,,1,2026-04-18 00:09:21,2026-04-18 00:09:21,
沈阳师范大学,10166,,,,其他,,双非,,,,1,2026-04-18 00:09:21,2026-04-18 00:09:21,
吉林师范大学,10203,,,,其他,,双非,,,,1,2026-04-18 00:09:21,2026-04-18 00:09:21,
华北科技学院,11104,,,,其他,,双非,,,,1,2026-04-18 00:09:21,2026-04-18 00:09:21,
大理大学,10679,,,,其他,,双非,,,,1,2026-04-18 00:09:21,2026-04-18 00:09:21,
西南石油大学,10615,,,,其他,,双非,,,,1,2026-04-18 00:09:21,2026-04-18 00:09:21,
山东工商学院,11688,,,,其他,,双非,,,,1,2026-04-18 00:09:21,2026-04-18 00:09:21,
兰州财经大学,10741,,,,其他,,双非,,,,1,2026-04-18 00:09:21,2026-04-18 00:09:21,
广东石油化工学院,11656,,,,其他,,双非,,,,1,2026-04-18 00:09:21,2026-04-18 00:09:21,
中国工程物理研究院,82817,,,,其他,,双非,,,,1,2026-04-18 00:09:21,2026-04-18 00:09:21,
遵义医科大学,10661,,,,其他,,双非,,,,1,2026-04-18 00:09:21,2026-04-18 00:09:21,
天津音乐学院,10072,,,,其他,,双非,,,,1,2026-04-18 00:09:21,2026-04-18 00:09:21,
北京信息科技大学,11232,,,,其他,,双非,,,,1,2026-04-18 00:09:21,2026-04-18 00:09:21,
上海社会科学院,87903,,,,其他,,双非,,,,1,2026-04-18 00:09:21,2026-04-18 00:09:21,
中国矿业大学,11413,,,,其他,,双非,,,,1,2026-04-18 00:09:21,2026-04-18 00:09:21,
青岛大学,11065,,,,其他,,双非,,,,1,2026-04-18 00:09:21,2026-04-18 00:09:21,
广东财经大学,10592,,,,其他,,双非,,,,1,2026-04-18 00:09:21,2026-04-18 00:09:21,
长春工业大学,10190,,,,其他,,双非,,,,1,2026-04-18 00:09:21,2026-04-18 00:09:21,
青岛理工大学,10429,,,,其他,,双非,,,,1,2026-04-18 00:09:21,2026-04-18 00:09:21,
湖北中医药大学,10507,,,,其他,,双非,,,,1,2026-04-18 00:09:21,2026-04-18 00:09:21,
北京工商大学,10011,,,,其他,,双非,,,,1,2026-04-18 00:09:21,2026-04-18 00:09:21,
沈阳音乐学院,10177,,,,其他,,双非,,,,1,2026-04-18 00:09:21,2026-04-18 00:09:21,
石河子大学,10759,,,,其他,,双非,,,,1,2026-04-18 00:09:21,2026-04-18 00:09:21,
吉林财经大学,10207,,,,其他,,双非,,,,1,2026-04-18 00:09:21,2026-04-18 00:09:21,
海南师范大学,11658,,,,其他,,双非,,,,1,2026-04-18 00:09:21,2026-04-18 00:09:21,
滨州医学院,10440,,,,其他,,双非,,,,1,2026-04-18 00:09:21,2026-04-18 00:09:21,
中国社会科学院大学,14596,,,,其他,,双非,,,,1,2026-04-18 00:09:21,2026-04-18 00:09:21,
海军指挥学院,91015,,,,其他,,双非,,,,1,2026-04-18 00:09:21,2026-04-18 00:09:21,
四川音乐学院,10654,,,,其他,,双非,,,,1,2026-04-18 00:09:21,2026-04-18 00:09:21,
台州学院,10350,,,,其他,,双非,,,,1,2026-04-18 00:09:21,2026-04-18 00:09:21,
国防大学,91001,,,,其他,,双非,,,,1,2026-04-18 00:09:21,2026-04-18 00:09:21,
西南医科大学,10632,,,,其他,,双非,,,,1,2026-04-18 00:09:21,2026-04-18 00:09:21,
沈阳体育学院,10176,,,,其他,,双非,,,,1,2026-04-18 00:09:21,2026-04-18 00:09:21,
安徽建筑大学,10878,,,,其他,,双非,,,,1,2026-04-18 00:09:21,2026-04-18 00:09:21,
宁夏医科大学,10752,,,,其他,,双非,,,,1,2026-04-18 00:09:21,2026-04-18 00:09:21,
沈阳航空航天大学,10143,,,,其他,,双非,,,,1,2026-04-18 00:09:21,2026-04-18 00:09:21,
黑龙江科技大学,10219,,,,其他,,双非,,,,1,2026-04-18 00:09:21,2026-04-18 00:09:21,
中国石油大学,10425,,,,其他,,双非,,,,1,2026-04-18 00:09:21,2026-04-18 00:09:21,
桂林医学院,10601,,,,其他,,双非,,,,1,2026-04-18 00:09:21,2026-04-18 00:09:21,
新疆农业大学,10758,,,,其他,,双非,,,,1,2026-04-18 00:09:21,2026-04-18 00:09:21,
大连医科大学,10161,,,,其他,,双非,,,,1,2026-04-18 00:09:21,2026-04-18 00:09:21,
肇庆学院,10580,,,,其他,,双非,,,,1,2026-04-18 00:09:21,2026-04-18 00:09:21,
西安工程大学,10709,,,,其他,,双非,,,,1,2026-04-18 00:09:21,2026-04-18 00:09:21,
常州大学,10292,,,,其他,,双非,,,,1,2026-04-18 00:09:21,2026-04-18 00:09:21,
中国林业科学研究院,82201,,,,其他,,双非,,,,1,2026-04-18 00:09:21,2026-04-18 00:09:21,
中国地震局地球物理研究所,85401,,,,其他,,双非,,,,1,2026-04-18 00:09:21,2026-04-18 00:09:21,
中南林业科技大学,10538,,,,其他,,双非,,,,1,2026-04-18 00:09:21,2026-04-18 00:09:21,
首都经济贸易大学,10038,,,,其他,,双非,,,,1,2026-04-18 00:09:21,2026-04-18 00:09:21,
天津师范大学,10065,,,,其他,,双非,,,,1,2026-04-18 00:09:21,2026-04-18 00:09:21,
广州大学,11078,,,,其他,,双非,,,,1,2026-04-18 00:09:21,2026-04-18 00:09:21,
东北电力大学,10188,,,,其他,,双非,,,,1,2026-04-18 00:09:21,2026-04-18 00:09:21,
河北中医学院,14432,,,,其他,,双非,,,,1,2026-04-18 00:09:21,2026-04-18 00:09:21,
西安理工大学,10700,,,,其他,,双非,,,,1,2026-04-18 00:09:21,2026-04-18 00:09:21,
河南农业大学,10466,,,,其他,,双非,,,,1,2026-04-18 00:09:21,2026-04-18 00:09:21,
大连工业大学,10152,,,,其他,,双非,,,,1,2026-04-18 00:09:21,2026-04-18 00:09:21,
郑州机械研究所,82708,,,,其他,,双非,,,,1,2026-04-18 00:09:21,2026-04-18 00:09:21,
中共上海市委党校,89631,,,,其他,,双非,,,,1,2026-04-18 00:09:21,2026-04-18 00:09:21,
首都体育学院,10029,,,,其他,,双非,,,,1,2026-04-18 00:09:21,2026-04-18 00:09:21,
西安工业大学,10702,,,,其他,,双非,,,,1,2026-04-18 00:09:21,2026-04-18 00:09:21,
天津财经大学,10070,,,,其他,,双非,,,,1,2026-04-18 00:09:21,2026-04-18 00:09:21,
中央民族大学,10052,,,,其他,,双非,,,,1,2026-04-18 00:09:21,2026-04-18 00:09:21,
重庆理工大学,11660,,,,其他,,双非,,,,1,2026-04-18 00:09:21,2026-04-18 00:09:21,
黑龙江八一农垦大学,10223,,,,其他,,双非,,,,1,2026-04-18 00:09:21,2026-04-18 00:09:21,
自然资源部第一海洋研究所,85301,,,,其他,,双非,,,,1,2026-04-18 00:09:21,2026-04-18 00:09:21,
陆军勤务学院,91014,,,,其他,,双非,,,,1,2026-04-18 00:09:21,2026-04-18 00:09:21,
长春大学,11726,,,,其他,,双非,,,,1,2026-04-18 00:09:21,2026-04-18 00:09:21,
上海财经大学,10272,,,,其他,,双非,,,,1,2026-04-18 00:09:21,2026-04-18 00:09:21,
西京学院,12715,,,,其他,,双非,,,,1,2026-04-18 00:09:21,2026-04-18 00:09:21,
广东医科大学,10571,,,,其他,,双非,,,,1,2026-04-18 00:09:21,2026-04-18 00:09:21,
北京农学院,10020,,,,其他,,双非,,,,1,2026-04-18 00:09:21,2026-04-18 00:09:21,
北京邮电大学,10013,,,,其他,,双非,,,,1,2026-04-18 00:09:21,2026-04-18 00:09:21,
重庆师范大学,10637,,,,其他,,双非,,,,1,2026-04-18 00:09:21,2026-04-18 00:09:21,
山东理工大学,10433,,,,其他,,双非,,,,1,2026-04-18 00:09:21,2026-04-18 00:09:21,
信阳师范学院,10477,,,,其他,,双非,,,,1,2026-04-18 00:09:21,2026-04-18 00:09:21,
山西农业大学,10113,,,,其他,,双非,,,,1,2026-04-18 00:09:21,2026-04-18 00:09:21,
西安建筑科技大学,10703,,,,其他,,双非,,,,1,2026-04-18 00:09:21,2026-04-18 00:09:21,
湖南工商大学,10554,,,,其他,,双非,,,,1,2026-04-18 00:09:21,2026-04-18 00:09:21,
陆军军事交通学院,91013,,,,其他,,双非,,,,1,2026-04-18 00:09:21,2026-04-18 00:09:21,
杭州师范大学,10346,,,,其他,,双非,,,,1,2026-04-18 00:09:21,2026-04-18 00:09:21,
广东省心血管病研究所,88911,,,,其他,,双非,,,,1,2026-04-18 00:09:21,2026-04-18 00:09:21,
成都中医药大学,10633,,,,其他,,双非,,,,1,2026-04-18 00:09:21,2026-04-18 00:09:21,
湘潭大学,10530,,,,其他,,双非,,,,1,2026-04-18 00:09:21,2026-04-18 00:09:21,
河海大学,10294,,,,其他,,双非,,,,1,2026-04-18 00:09:21,2026-04-18 00:09:21,
南京艺术学院,10331,,,,其他,,双非,,,,1,2026-04-18 00:09:21,2026-04-18 00:09:21,
湖州师范学院,10347,,,,其他,,双非,,,,1,2026-04-18 00:09:21,2026-04-18 00:09:21,
中国航空研究院所,82903,,,,其他,,双非,,,,1,2026-04-18 00:09:21,2026-04-18 00:09:21,
阜阳师范大学,10371,,,,其他,,双非,,,,1,2026-04-18 00:09:21,2026-04-18 00:09:21,
北京外国语大学,10030,,,,其他,,双非,,,,1,2026-04-18 00:09:21,2026-04-18 00:09:21,
西藏民族大学,10695,,,,其他,,双非,,,,1,2026-04-18 00:09:21,2026-04-18 00:09:21,
天津医科大学,10062,,,,其他,,双非,,,,1,2026-04-18 00:09:21,2026-04-18 00:09:21,
中央美术学院,10047,,,,其他,,双非,,,,1,2026-04-18 00:09:21,2026-04-18 00:09:21,
齐鲁工业大学,10431,,,,其他,,双非,,,,1,2026-04-18 00:09:21,2026-04-18 00:09:21,
西南政法大学,10652,,,,其他,,双非,,,,1,2026-04-18 00:09:21,2026-04-18 00:09:21,
西安外国语大学,10724,,,,其他,,双非,,,,1,2026-04-18 00:09:21,2026-04-18 00:09:21,
鲁迅美术学院,10178,,,,其他,,双非,,,,1,2026-04-18 00:09:21,2026-04-18 00:09:21,
南开大学,10055,,,,其他,,双非,,,,1,2026-04-18 00:09:21,2026-04-18 00:09:21,
蚌埠医学院,10367,,,,其他,,双非,,,,1,2026-04-18 00:09:21,2026-04-18 00:09:21,
安徽工程大学,10363,,,,其他,,双非,,,,1,2026-04-18 00:09:21,2026-04-18 00:09:21,
内蒙古工业大学,10128,,,,其他,,双非,,,,1,2026-04-18 00:09:21,2026-04-18 00:09:21,
郑州烟草研究院,86601,,,,其他,,双非,,,,1,2026-04-18 00:09:21,2026-04-18 00:09:21,
山东第一医科大学,10439,,,,其他,,双非,,,,1,2026-04-18 00:09:21,2026-04-18 00:09:21,
河南财经政法大学,10484,,,,其他,,双非,,,,1,2026-04-18 00:09:21,2026-04-18 00:09:21,
国防科技大学,91002,,,,其他,,双非,,,,1,2026-04-18 00:09:21,2026-04-18 00:09:21,
锦州医科大学,10160,,,,其他,,双非,,,,1,2026-04-18 00:09:21,2026-04-18 00:09:21,
江苏自动化研究所,86210,,,,其他,,双非,,,,1,2026-04-18 00:09:21,2026-04-18 00:09:21,
齐齐哈尔大学,10232,,,,其他,,双非,,,,1,2026-04-18 00:09:21,2026-04-18 00:09:21,
右江民族医学院,10599,,,,其他,,双非,,,,1,2026-04-18 00:09:21,2026-04-18 00:09:21,
沈阳化工大学,10149,,,,其他,,双非,,,,1,2026-04-18 00:09:21,2026-04-18 00:09:21,
河北地质大学,10077,,,,其他,,双非,,,,1,2026-04-18 00:09:21,2026-04-18 00:09:21,
中国科学技术信息研究所,80901,,,,其他,,双非,,,,1,2026-04-18 00:09:21,2026-04-18 00:09:21,
辽宁中医药大学,10162,,,,其他,,双非,,,,1,2026-04-18 00:09:21,2026-04-18 00:09:21,
曲阜师范大学,10446,,,,其他,,双非,,,,1,2026-04-18 00:09:21,2026-04-18 00:09:21,
青海师范大学,10746,,,,其他,,双非,,,,1,2026-04-18 00:09:21,2026-04-18 00:09:21,
中国刑事警察学院,10175,,,,其他,,双非,,,,1,2026-04-18 00:09:21,2026-04-18 00:09:21,
济南大学,10427,,,,其他,,双非,,,,1,2026-04-18 00:09:21,2026-04-18 00:09:21,
卫生部北京老年医学研究所,84512,,,,其他,,双非,,,,1,2026-04-18 00:09:21,2026-04-18 00:09:21,
中国运载火箭技术研究院,83201,,,,其他,,双非,,,,1,2026-04-18 00:09:21,2026-04-18 00:09:21,
湖南科技大学,10534,,,,其他,,双非,,,,1,2026-04-18 00:09:21,2026-04-18 00:09:21,
北京化工大学,10010,,,,其他,,双非,,,,1,2026-04-18 00:09:21,2026-04-18 00:09:21,
宁波大学,11646,,,,其他,,双非,,,,1,2026-04-18 00:09:21,2026-04-18 00:09:21,
成都体育学院,10653,,,,其他,,双非,,,,1,2026-04-18 00:09:21,2026-04-18 00:09:21,
北部湾大学,11607,,,,其他,,双非,,,,1,2026-04-18 00:09:21,2026-04-18 00:09:21,
徐州医科大学,10313,,,,其他,,双非,,,,1,2026-04-18 00:09:21,2026-04-18 00:09:21,
衡阳师范学院,10546,,,,其他,,双非,,,,1,2026-04-18 00:09:21,2026-04-18 00:09:21,
上海应用技术大学,10259,,,,其他,,双非,,,,1,2026-04-18 00:09:21,2026-04-18 00:09:21,
江西理工大学,10407,,,,其他,,双非,,,,1,2026-04-18 00:09:21,2026-04-18 00:09:21,
南京邮电大学,10293,,,,其他,,双非,,,,1,2026-04-18 00:09:21,2026-04-18 00:09:21,
闽南师范大学,10402,,,,其他,,双非,,,,1,2026-04-18 00:09:21,2026-04-18 00:09:21,
安徽农业大学,10364,,,,其他,,双非,,,,1,2026-04-18 00:09:21,2026-04-18 00:09:21,
内蒙古医科大学,10132,,,,其他,,双非,,,,1,2026-04-18 00:09:21,2026-04-18 00:09:21,
西安体育学院,10727,,,,其他,,双非,,,,1,2026-04-18 00:09:21,2026-04-18 00:09:21,
航天动力技术研究院,83256,,,,其他,,双非,,,,1,2026-04-18 00:09:21,2026-04-18 00:09:21,
重庆工商大学,11799,,,,其他,,双非,,,,1,2026-04-18 00:09:21,2026-04-18 00:09:21,
上海戏剧学院,10279,,,,其他,,双非,,,,1,2026-04-18 00:09:21,2026-04-18 00:09:21,
广西民族大学,10608,,,,其他,,双非,,,,1,2026-04-18 00:09:21,2026-04-18 00:09:21,
石家庄铁道大学,10107,,,,其他,,双非,,,,1,2026-04-18 00:09:21,2026-04-18 00:09:21,
东北农业大学,10224,,,,其他,,双非,,,,1,2026-04-18 00:09:21,2026-04-18 00:09:21,
上海科技大学,14423,,,,其他,,双非,,,,1,2026-04-18 00:09:21,2026-04-18 00:09:21,
西藏大学,10694,,,,其他,,双非,,,,1,2026-04-18 00:09:21,2026-04-18 00:09:21,
上海体育学院,10277,,,,其他,,双非,,,,1,2026-04-18 00:09:21,2026-04-18 00:09:21,
中共湖南省委党校,89643,,,,其他,,双非,,,,1,2026-04-18 00:09:21,2026-04-18 00:09:21,
宝鸡文理学院,10721,,,,其他,,双非,,,,1,2026-04-18 00:09:21,2026-04-18 00:09:21,
北京建筑大学,10016,,,,其他,,双非,,,,1,2026-04-18 00:09:21,2026-04-18 00:09:21,
安庆师范大学,10372,,,,其他,,双非,,,,1,2026-04-18 00:09:21,2026-04-18 00:09:21,
山西省中医药研究院,87401,,,,其他,,双非,,,,1,2026-04-18 00:09:21,2026-04-18 00:09:21,
中国航空研究院六一三研究所,82908,,,,其他,,双非,,,,1,2026-04-18 00:09:21,2026-04-18 00:09:21,
黑龙江中医药大学,10228,,,,其他,,双非,,,,1,2026-04-18 00:09:21,2026-04-18 00:09:21,
云南财经大学,10689,,,,其他,,双非,,,,1,2026-04-18 00:09:21,2026-04-18 00:09:21,
北京印刷学院,10015,,,,其他,,双非,,,,1,2026-04-18 00:09:21,2026-04-18 00:09:21,
浙江工商大学,10353,,,,其他,,双非,,,,1,2026-04-18 00:09:21,2026-04-18 00:09:21,
天津科技大学,10057,,,,其他,,双非,,,,1,2026-04-18 00:09:21,2026-04-18 00:09:21,
山东财经大学,10456,,,,其他,,双非,,,,1,2026-04-18 00:09:21,2026-04-18 00:09:21,
赤峰学院,10138,,,,其他,,双非,,,,1,2026-04-18 00:09:21,2026-04-18 00:09:21,
中国空空导弹研究院,82907,,,,其他,,双非,,,,1,2026-04-18 00:09:21,2026-04-18 00:09:21,
武汉邮电科学研究院,84011,,,,其他,,双非,,,,1,2026-04-18 00:09:21,2026-04-18 00:09:21,
北京国家会计学院,80401,,,,其他,,双非,,,,1,2026-04-18 00:09:21,2026-04-18 00:09:21,
中国医科大学,10159,,,,其他,,双非,,,,1,2026-04-18 00:09:21,2026-04-18 00:09:21,
浙江音乐学院,14535,,,,其他,,双非,,,,1,2026-04-18 00:09:21,2026-04-18 00:09:21,
中央音乐学院,10045,,,,其他,,双非,,,,1,2026-04-18 00:09:21,2026-04-18 00:09:21,
中国人民警察大学,11105,,,,其他,,双非,,,,1,2026-04-18 00:09:21,2026-04-18 00:09:21,
湖北师范大学,10513,,,,其他,,双非,,,,1,2026-04-18 00:09:21,2026-04-18 00:09:21,
西北农林科技大学,10712,,,,其他,,双非,,,,1,2026-04-18 00:09:21,2026-04-18 00:09:21,
北方工业大学,10009,,,,其他,,双非,,,,1,2026-04-18 00:09:21,2026-04-18 00:09:21,
中国美术学院,10355,,,,其他,,双非,,,,1,2026-04-18 00:09:21,2026-04-18 00:09:21,
景德镇陶瓷大学,10408,,,,其他,,双非,,,,1,2026-04-18 00:09:21,2026-04-18 00:09:21,
牡丹江师范学院,10233,,,,其他,,双非,,,,1,2026-04-18 00:09:21,2026-04-18 00:09:21,
辽宁工业大学,10154,,,,其他,,双非,,,,1,2026-04-18 00:09:21,2026-04-18 00:09:21,
中国电力科学研究院,82302,,,,其他,,双非,,,,1,2026-04-18 00:09:21,2026-04-18 00:09:21,
北京航空材料研究院,82913,,,,其他,,双非,,,,1,2026-04-18 00:09:21,2026-04-18 00:09:21,
北华航天工业学院,11629,,,,其他,,双非,,,,1,2026-04-18 00:09:21,2026-04-18 00:09:21,
上海电力大学,10256,,,,其他,,双非,,,,1,2026-04-18 00:09:21,2026-04-18 00:09:21,
内蒙古财经大学,10139,,,,其他,,双非,,,,1,2026-04-18 00:09:21,2026-04-18 00:09:21,
中共陕西省委党校,89661,,,,其他,,双非,,,,1,2026-04-18 00:09:21,2026-04-18 00:09:21,
中国水利水电科学研究院,82301,,,,其他,,双非,,,,1,2026-04-18 00:09:21,2026-04-18 00:09:21,
盐城工学院,10305,,,,其他,,双非,,,,1,2026-04-18 00:09:21,2026-04-18 00:09:21,
中国民航大学,10059,,,,其他,,双非,,,,1,2026-04-18 00:09:21,2026-04-18 00:09:21,
陆军装甲兵学院,91006,,,,其他,,双非,,,,1,2026-04-18 00:09:21,2026-04-18 00:09:21,
河北北方学院,10092,,,,其他,,双非,,,,1,2026-04-18 00:09:21,2026-04-18 00:09:21,
海南医学院,11810,,,,其他,,双非,,,,1,2026-04-18 00:09:21,2026-04-18 00:09:21,
南方科技大学,14325,,,,其他,,双非,,,,1,2026-04-18 00:09:21,2026-04-18 00:09:21,
空军指挥学院,91023,,,,其他,,双非,,,,1,2026-04-18 00:09:21,2026-04-18 00:09:21,
中国原子能科学研究院,82801,,,,其他,,双非,,,,1,2026-04-18 00:09:21,2026-04-18 00:09:21,
洛阳师范学院,10482,,,,其他,,双非,,,,1,2026-04-18 00:09:21,2026-04-18 00:09:21,
北京中医药大学,10026,,,,其他,,双非,,,,1,2026-04-18 00:09:21,2026-04-18 00:09:21,
河北建筑工程学院,10084,,,,其他,,双非,,,,1,2026-04-18 00:09:21,2026-04-18 00:09:21,
广西艺术学院,10607,,,,其他,,双非,,,,1,2026-04-18 00:09:21,2026-04-18 00:09:21,
外交学院,10040,,,,其他,,双非,,,,1,2026-04-18 00:09:21,2026-04-18 00:09:21,
长治医学院,10117,,,,其他,,双非,,,,1,2026-04-18 00:09:21,2026-04-18 00:09:21,
上海海事大学,10254,,,,其他,,双非,,,,1,2026-04-18 00:09:21,2026-04-18 00:09:21,
福建中医药大学,10393,,,,其他,,双非,,,,1,2026-04-18 00:09:21,2026-04-18 00:09:21,
上海海洋大学,10264,,,,其他,,双非,,,,1,2026-04-18 00:09:21,2026-04-18 00:09:21,
西北民族大学,10742,,,,其他,,双非,,,,1,2026-04-18 00:09:21,2026-04-18 00:09:21,
海军航空大学,91019,,,,其他,,双非,,,,1,2026-04-18 00:09:21,2026-04-18 00:09:21,
天津城建大学,10792,,,,其他,,双非,,,,1,2026-04-18 00:09:21,2026-04-18 00:09:21,
华东政法大学,10276,,,,其他,,双非,,,,1,2026-04-18 00:09:21,2026-04-18 00:09:21,
中共湖北省委党校,89642,,,,其他,,双非,,,,1,2026-04-18 00:09:21,2026-04-18 00:09:21,
西南科技大学,10619,,,,其他,,双非,,,,1,2026-04-18 00:09:21,2026-04-18 00:09:21,
北京电影学院,10050,,,,其他,,双非,,,,1,2026-04-18 00:09:21,2026-04-18 00:09:21,
中国航空研究院,82901,,,,其他,,双非,,,,1,2026-04-18 00:09:21,2026-04-18 00:09:21,
大连海洋大学,10158,,,,其他,,双非,,,,1,2026-04-18 00:09:21,2026-04-18 00:09:21,
北京联合大学,11417,,,,其他,,双非,,,,1,2026-04-18 00:09:21,2026-04-18 00:09:21,
湖北汽车工业学院,10525,,,,其他,,双非,,,,1,2026-04-18 00:09:21,2026-04-18 00:09:21,
西安美术学院,10729,,,,其他,,双非,,,,1,2026-04-18 00:09:21,2026-04-18 00:09:21,
航天工程大学,91036,,,,其他,,双非,,,,1,2026-04-18 00:09:21,2026-04-18 00:09:21,
吉林工程技术师范学院,10204,,,,其他,,双非,,,,1,2026-04-18 00:09:21,2026-04-18 00:09:21,
温州医科大学,10343,,,,其他,,双非,,,,1,2026-04-18 00:09:21,2026-04-18 00:09:21,
南京信息工程大学,10300,,,,其他,,双非,,,,1,2026-04-18 00:09:21,2026-04-18 00:09:21,
成都医学院,13705,,,,其他,,双非,,,,1,2026-04-18 00:09:21,2026-04-18 00:09:21,
黑龙江大学,10212,,,,其他,,双非,,,,1,2026-04-18 00:09:21,2026-04-18 00:09:21,
昆明学院,11393,,,,其他,,双非,,,,1,2026-04-18 00:09:21,2026-04-18 00:09:21,
华中师范大学,10511,,,,其他,,双非,,,,1,2026-04-18 00:09:21,2026-04-18 00:09:21,
广东技术师范大学,10588,,,,其他,,双非,,,,1,2026-04-18 00:09:21,2026-04-18 00:09:21,
浙江海洋大学,10340,,,,其他,,双非,,,,1,2026-04-18 00:09:21,2026-04-18 00:09:21,
四川外国语大学,10650,,,,其他,,双非,,,,1,2026-04-18 00:09:21,2026-04-18 00:09:21,
武汉体育学院,10522,,,,其他,,双非,,,,1,2026-04-18 00:09:21,2026-04-18 00:09:21,
中国航天科技集团公司第四研究院第四十二所,83258,,,,其他,,双非,,,,1,2026-04-18 00:09:21,2026-04-18 00:09:21,
天津理工大学,10060,,,,其他,,双非,,,,1,2026-04-18 00:09:21,2026-04-18 00:09:21,
沈阳医学院,10164,,,,其他,,双非,,,,1,2026-04-18 00:09:21,2026-04-18 00:09:21,
中国气象科学研究院,85101,,,,其他,,双非,,,,1,2026-04-18 00:09:21,2026-04-18 00:09:21,
煤炭科学研究总院,83301,,,,其他,,双非,,,,1,2026-04-18 00:09:21,2026-04-18 00:09:21,
西安邮电大学,11664,,,,其他,,双非,,,,1,2026-04-18 00:09:21,2026-04-18 00:09:21,
成都大学,11079,,,,其他,,双非,,,,1,2026-04-18 00:09:21,2026-04-18 00:09:21,
中共浙江省委党校,89633,,,,其他,,双非,,,,1,2026-04-18 00:09:21,2026-04-18 00:09:21,
牡丹江医学院,10229,,,,其他,,双非,,,,1,2026-04-18 00:09:21,2026-04-18 00:09:21,
北京有色金属研究总院,86403,,,,其他,,双非,,,,1,2026-04-18 00:09:21,2026-04-18 00:09:21,
中共北京市委党校,89611,,,,其他,,双非,,,,1,2026-04-18 00:09:21,2026-04-18 00:09:21,
中国船舶及海洋工程设计研究院,86206,,,,其他,,双非,,,,1,2026-04-18 00:09:21,2026-04-18 00:09:21,
广州美术学院,10586,,,,其他,,双非,,,,1,2026-04-18 00:09:21,2026-04-18 00:09:21,
上海船用柴油机研究所,86208,,,,其他,,双非,,,,1,2026-04-18 00:09:21,2026-04-18 00:09:21,
新疆艺术学院,10768,,,,其他,,双非,,,,1,2026-04-18 00:09:21,2026-04-18 00:09:21,
中国航空研究院所,82912,,,,其他,,双非,,,,1,2026-04-18 00:09:21,2026-04-18 00:09:21,
福建工程学院,10388,,,,其他,,双非,,,,1,2026-04-18 00:09:21,2026-04-18 00:09:21,
南京工程学院,11276,,,,其他,,双非,,,,1,2026-04-18 00:09:21,2026-04-18 00:09:21,
西安财经大学,11560,,,,其他,,双非,,,,1,2026-04-18 00:09:21,2026-04-18 00:09:21,
南昌工程学院,11319,,,,其他,,双非,,,,1,2026-04-18 00:09:21,2026-04-18 00:09:21,
武警后勤学院,91042,,,,其他,,双非,,,,1,2026-04-18 00:09:21,2026-04-18 00:09:21,
中国航天科工集团第三研究院,83241,,,,其他,,双非,,,,1,2026-04-18 00:09:21,2026-04-18 00:09:21,
辽宁大学,10140,,,,其他,,双非,,,,1,2026-04-18 00:09:21,2026-04-18 00:09:21,
天津体育学院,10071,,,,其他,,双非,,,,1,2026-04-18 00:09:21,2026-04-18 00:09:21,
陆军防化学院,91011,,,,其他,,双非,,,,1,2026-04-18 00:09:21,2026-04-18 00:09:21,
湖南农业大学,10537,,,,其他,,双非,,,,1,2026-04-18 00:09:21,2026-04-18 00:09:21,
华南农业大学,10564,,,,其他,,双非,,,,1,2026-04-18 00:09:21,2026-04-18 00:09:21,
沈阳药科大学,10163,,,,其他,,双非,,,,1,2026-04-18 00:09:21,2026-04-18 00:09:21,
四川警察学院,12212,,,,其他,,双非,,,,1,2026-04-18 00:09:21,2026-04-18 00:09:21,
齐齐哈尔医学院,11230,,,,其他,,双非,,,,1,2026-04-18 00:09:21,2026-04-18 00:09:21,
黑龙江工程学院,11802,,,,其他,,双非,,,,1,2026-04-18 00:09:21,2026-04-18 00:09:21,
浙江财经大学,11482,,,,其他,,双非,,,,1,2026-04-18 00:09:21,2026-04-18 00:09:21,
哈尔滨体育学院,10242,,,,其他,,双非,,,,1,2026-04-18 00:09:21,2026-04-18 00:09:21,
上海第二工业大学,12044,,,,其他,,双非,,,,1,2026-04-18 00:09:21,2026-04-18 00:09:21,
吉林体育学院,10208,,,,其他,,双非,,,,1,2026-04-18 00:09:21,2026-04-18 00:09:21,
中国财政科学研究院,81601,,,,其他,,双非,,,,1,2026-04-18 00:09:21,2026-04-18 00:09:21,
华北计算机系统工程研究所,83001,,,,其他,,双非,,,,1,2026-04-18 00:09:21,2026-04-18 00:09:21,
中国人民公安大学,10041,,,,其他,,双非,,,,1,2026-04-18 00:09:21,2026-04-18 00:09:21,
中国石油勘探开发研究院,83401,,,,其他,,双非,,,,1,2026-04-18 00:09:21,2026-04-18 00:09:21,
绍兴文理学院,10349,,,,其他,,双非,,,,1,2026-04-18 00:09:21,2026-04-18 00:09:21,
核工业西南物理研究院,82809,,,,其他,,双非,,,,1,2026-04-18 00:09:21,2026-04-18 00:09:21,
南京水利科学研究院,82306,,,,其他,,双非,,,,1,2026-04-18 00:09:21,2026-04-18 00:09:21,
湖南理工学院,10543,,,,其他,,双非,,,,1,2026-04-18 00:09:21,2026-04-18 00:09:21,
长春工程学院,11437,,,,其他,,双非,,,,1,2026-04-18 00:09:21,2026-04-18 00:09:21,
海军勤务学院,91021,,,,其他,,双非,,,,1,2026-04-18 00:09:21,2026-04-18 00:09:21,
中国空间技术研究院所,83271,,,,其他,,双非,,,,1,2026-04-18 00:09:21,2026-04-18 00:09:21,
天津中医药大学,10063,,,,其他,,双非,,,,1,2026-04-18 00:09:21,2026-04-18 00:09:21,
中国民用航空飞行学院,10624,,,,其他,,双非,,,,1,2026-04-18 00:09:21,2026-04-18 00:09:21,
贵州医科大学,10660,,,,其他,,双非,,,,1,2026-04-18 00:09:21,2026-04-18 00:09:21,
青海大学,10743,,,,其他,,双非,,,,1,2026-04-18 00:09:21,2026-04-18 00:09:21,
聊城大学,10447,,,,其他,,双非,,,,1,2026-04-18 00:09:21,2026-04-18 00:09:21,
重庆三峡学院,10643,,,,其他,,双非,,,,1,2026-04-18 00:09:21,2026-04-18 00:09:21,
浙江万里学院,10876,,,,其他,,双非,,,,1,2026-04-18 00:09:21,2026-04-18 00:09:21,
湖北民族大学,10517,,,,其他,,双非,,,,1,2026-04-18 00:09:21,2026-04-18 00:09:21,
中钢集团马鞍山矿山研究院,82604,,,,其他,,双非,,,,1,2026-04-18 00:09:21,2026-04-18 00:09:21,
中国航天系统科学与工程研究院,83232,,,,其他,,双非,,,,1,2026-04-18 00:09:21,2026-04-18 00:09:21,
湖南城市学院,11527,,,,其他,,双非,,,,1,2026-04-18 00:09:21,2026-04-18 00:09:21,
哈尔滨音乐学院,14560,,,,其他,,双非,,,,1,2026-04-18 00:09:21,2026-04-18 00:09:21,
喀什大学,10763,,,,其他,,双非,,,,1,2026-04-18 00:09:21,2026-04-18 00:09:21,
自然资源部第二海洋研究所,85302,,,,其他,,双非,,,,1,2026-04-18 00:09:21,2026-04-18 00:09:21,
北方民族大学,11407,,,,其他,,双非,,,,1,2026-04-18 00:09:21,2026-04-18 00:09:21,
昌吉学院,10997,,,,其他,,双非,,,,1,2026-04-18 00:09:21,2026-04-18 00:09:21,
北京机电研究所,82703,,,,其他,,双非,,,,1,2026-04-18 00:09:21,2026-04-18 00:09:21,
安徽财经大学,10378,,,,其他,,双非,,,,1,2026-04-18 00:09:21,2026-04-18 00:09:21,
中国石油化工股份有限公司石油化工科学研究院,86301,,,,其他,,双非,,,,1,2026-04-18 00:09:21,2026-04-18 00:09:21,
北京物资学院,10037,,,,其他,,双非,,,,1,2026-04-18 00:09:21,2026-04-18 00:09:21,
四川美术学院,10655,,,,其他,,双非,,,,1,2026-04-18 00:09:21,2026-04-18 00:09:21,
中国电子科技集团公司电子科学研究院,83000,,,,其他,,双非,,,,1,2026-04-18 00:09:21,2026-04-18 00:09:21,
中国航空研究院第六二四研究所,82910,,,,其他,,双非,,,,1,2026-04-18 00:09:21,2026-04-18 00:09:21,
中共江苏省委党校,89632,,,,其他,,双非,,,,1,2026-04-18 00:09:21,2026-04-18 00:09:21,
江苏理工学院,11463,,,,其他,,双非,,,,1,2026-04-18 00:09:21,2026-04-18 00:09:21,
吉林外国语大学,10964,,,,其他,,双非,,,,1,2026-04-18 00:09:21,2026-04-18 00:09:21,
钢铁研究总院,82601,,,,其他,,双非,,,,1,2026-04-18 00:09:21,2026-04-18 00:09:21,
合肥学院,11059,,,,其他,,双非,,,,1,2026-04-18 00:09:21,2026-04-18 00:09:21,
西安热工研究院有限公司,82304,,,,其他,,双非,,,,1,2026-04-18 00:09:21,2026-04-18 00:09:21,
合肥师范学院,14098,,,,其他,,双非,,,,1,2026-04-18 00:09:21,2026-04-18 00:09:21,
交通运输部公路科学研究所,83902,,,,其他,,双非,,,,1,2026-04-18 00:09:21,2026-04-18 00:09:21,
天水师范学院,10739,,,,其他,,双非,,,,1,2026-04-18 00:09:21,2026-04-18 00:09:21,
中国地震局地质研究所,85402,,,,其他,,双非,,,,1,2026-04-18 00:09:21,2026-04-18 00:09:21,
西南技术物理研究所,83105,,,,其他,,双非,,,,1,2026-04-18 00:09:21,2026-04-18 00:09:21,
内蒙古艺术学院,14531,,,,其他,,双非,,,,1,2026-04-18 00:09:21,2026-04-18 00:09:21,
厦门国家会计学院,80403,,,,其他,,双非,,,,1,2026-04-18 00:09:21,2026-04-18 00:09:21,
大连民族大学,12026,,,,其他,,双非,,,,1,2026-04-18 00:09:21,2026-04-18 00:09:21,
浙江师范大学,10345,,,,其他,,双非,,,,1,2026-04-18 00:09:21,2026-04-18 00:09:21,
中国航空研究院第六一一研究所,82906,,,,其他,,双非,,,,1,2026-04-18 00:09:21,2026-04-18 00:09:21,
中钢集团武汉安全环保研究院,82609,,,,其他,,双非,,,,1,2026-04-18 00:09:21,2026-04-18 00:09:21,
临沂大学,10452,,,,其他,,双非,,,,1,2026-04-18 00:09:21,2026-04-18 00:09:21,
中国中医科学院,84502,,,,其他,,双非,,,,1,2026-04-18 00:09:21,2026-04-18 00:09:21,
中国疾病预防控制中心,84501,,,,其他,,双非,,,,1,2026-04-18 00:09:21,2026-04-18 00:09:21,
广东药科大学,10573,,,,其他,,双非,,,,1,2026-04-18 00:09:21,2026-04-18 00:09:21,
山东政法学院,14100,,,,其他,,双非,,,,1,2026-04-18 00:09:21,2026-04-18 00:09:21,
商务部国际贸易经济合作研究院,82001,,,,其他,,双非,,,,1,2026-04-18 00:09:21,2026-04-18 00:09:21,
中国舰船研究设计中心,86203,,,,其他,,双非,,,,1,2026-04-18 00:09:21,2026-04-18 00:09:21,
武汉数字工程研究所,86202,,,,其他,,双非,,,,1,2026-04-18 00:09:21,2026-04-18 00:09:21,
火箭军指挥学院,91033,,,,其他,,双非,,,,1,2026-04-18 00:09:21,2026-04-18 00:09:21,
济宁医学院,10443,,,,其他,,双非,,,,1,2026-04-18 00:09:21,2026-04-18 00:09:21,
南阳师范学院,10481,,,,其他,,双非,,,,1,2026-04-18 00:09:21,2026-04-18 00:09:21,
北京城市学院,11418,,,,其他,,双非,,,,1,2026-04-18 00:09:21,2026-04-18 00:09:21,
泉州师范学院,10399,,,,其他,,双非,,,,1,2026-04-18 00:09:21,2026-04-18 00:09:21,
武汉轻工大学,10496,,,,其他,,双非,,,,1,2026-04-18 00:09:21,2026-04-18 00:09:21,
中国航空制造技术研究院,82914,,,,其他,,双非,,,,1,2026-04-18 00:09:21,2026-04-18 00:09:21,
云南艺术学院,10690,,,,其他,,双非,,,,1,2026-04-18 00:09:21,2026-04-18 00:09:21,
江苏省中国科学院植物研究所,88001,,,,其他,,双非,,,,1,2026-04-18 00:09:21,2026-04-18 00:09:21,
杭州医学院,13023,,,,其他,,双非,,,,1,2026-04-18 00:09:21,2026-04-18 00:09:21,
防灾科技学院,11775,,,,其他,,双非,,,,1,2026-04-18 00:09:21,2026-04-18 00:09:21,
中国计量科学研究院,85801,,,,其他,,双非,,,,1,2026-04-18 00:09:21,2026-04-18 00:09:21,
中共重庆市委党校,89650,,,,其他,,双非,,,,1,2026-04-18 00:09:21,2026-04-18 00:09:21,
北京市生态环境保护科学研究院,87103,,,,其他,,双非,,,,1,2026-04-18 00:09:21,2026-04-18 00:09:21,
陕西应用物理化学研究所,83110,,,,其他,,双非,,,,1,2026-04-18 00:09:21,2026-04-18 00:09:21,
中国青年政治学院,11625,,,,其他,,双非,,,,1,2026-04-18 00:09:21,2026-04-18 00:09:21,
中国医药工业研究总院,85901,,,,其他,,双非,,,,1,2026-04-18 00:09:21,2026-04-18 00:09:21,
仲恺农业工程学院,11347,,,,其他,,双非,,,,1,2026-04-18 00:09:21,2026-04-18 00:09:21,
淮阴工学院,11049,,,,其他,,双非,,,,1,2026-04-18 00:09:21,2026-04-18 00:09:21,
赣南医学院,10413,,,,其他,,双非,,,,1,2026-04-18 00:09:21,2026-04-18 00:09:21,
黔南民族师范学院,10670,,,,其他,,双非,,,,1,2026-04-18 00:09:21,2026-04-18 00:09:21,
江苏省血吸虫病防治研究所,88002,,,,其他,,双非,,,,1,2026-04-18 00:09:21,2026-04-18 00:09:21,
中国建筑科学研究院,82401,,,,其他,,双非,,,,1,2026-04-18 00:09:21,2026-04-18 00:09:21,
沈阳大学,11035,,,,其他,,双非,,,,1,2026-04-18 00:09:21,2026-04-18 00:09:21,
甘肃政法大学,11406,,,,其他,,双非,,,,1,2026-04-18 00:09:21,2026-04-18 00:09:21,
北京石油化工学院,10017,,,,其他,,双非,,,,1,2026-04-18 00:09:21,2026-04-18 00:09:21,
上海国家会计学院,80402,,,,其他,,双非,,,,1,2026-04-18 00:09:21,2026-04-18 00:09:21,
西安近代化学研究所,83101,,,,其他,,双非,,,,1,2026-04-18 00:09:21,2026-04-18 00:09:21,
空军航空大学,91025,,,,其他,,双非,,,,1,2026-04-18 00:09:21,2026-04-18 00:09:21,
中钢集团洛阳耐火材料研究院,82606,,,,其他,,双非,,,,1,2026-04-18 00:09:21,2026-04-18 00:09:21,
河南科技学院,10467,,,,其他,,双非,,,,1,2026-04-18 00:09:21,2026-04-18 00:09:21,
河西学院,10740,,,,其他,,双非,,,,1,2026-04-18 00:09:21,2026-04-18 00:09:21,
中共广东省委党校,89644,,,,其他,,双非,,,,1,2026-04-18 00:09:21,2026-04-18 00:09:21,
山东交通学院,11510,,,,其他,,双非,,,,1,2026-04-18 00:09:21,2026-04-18 00:09:21,
自然资源部第三海洋研究所,85303,,,,其他,,双非,,,,1,2026-04-18 00:09:21,2026-04-18 00:09:21,
长江商学院,16402,,,,其他,,双非,,,,1,2026-04-18 00:09:21,2026-04-18 00:09:21,
长沙矿山研究院,86404,,,,其他,,双非,,,,1,2026-04-18 00:09:21,2026-04-18 00:09:21,
西安医学院,11840,,,,其他,,双非,,,,1,2026-04-18 00:09:21,2026-04-18 00:09:21,
黑龙江省社会科学院,87802,,,,其他,,双非,,,,1,2026-04-18 00:09:21,2026-04-18 00:09:21,
中国核动力研究设计院,82802,,,,其他,,双非,,,,1,2026-04-18 00:09:21,2026-04-18 00:09:21,
嘉兴学院,10354,,,,其他,,双非,,,,1,2026-04-18 00:09:21,2026-04-18 00:09:21,
西安应用光学研究所,83103,,,,其他,,双非,,,,1,2026-04-18 00:09:21,2026-04-18 00:09:21,
中国地质科学院,82501,,,,其他,,双非,,,,1,2026-04-18 00:09:21,2026-04-18 00:09:21,
中国电影艺术研究中心,84202,,,,其他,,双非,,,,1,2026-04-18 00:09:21,2026-04-18 00:09:21,
上海化工研究院,83502,,,,其他,,双非,,,,1,2026-04-18 00:09:21,2026-04-18 00:09:21,
贵阳学院,10976,,,,其他,,双非,,,,1,2026-04-18 00:09:21,2026-04-18 00:09:21,
重庆科技学院,11551,,,,其他,,双非,,,,1,2026-04-18 00:09:21,2026-04-18 00:09:21,
中国空间技术研究院,83266,,,,其他,,双非,,,,1,2026-04-18 00:09:21,2026-04-18 00:09:21,
武汉第二船舶设计研究所,86218,,,,其他,,双非,,,,1,2026-04-18 00:09:21,2026-04-18 00:09:21,
中共黑龙江省委党校,89623,,,,其他,,双非,,,,1,2026-04-18 00:09:21,2026-04-18 00:09:21,
火箭军工程大学,91034,,,,其他,,双非,,,,1,2026-04-18 00:09:21,2026-04-18 00:09:21,
机械科学研究院哈尔滨焊接研究所,82706,,,,其他,,双非,,,,1,2026-04-18 00:09:21,2026-04-18 00:09:21,
吉林化工学院,10192,,,,其他,,双非,,,,1,2026-04-18 00:09:21,2026-04-18 00:09:21,
北京生物制品研究所,84504,,,,其他,,双非,,,,1,2026-04-18 00:09:21,2026-04-18 00:09:21,
井冈山大学,10419,,,,其他,,双非,,,,1,2026-04-18 00:09:21,2026-04-18 00:09:21,
北京机械工业自动化研究所,82702,,,,其他,,双非,,,,1,2026-04-18 00:09:21,2026-04-18 00:09:21,
国网电力科学研究院,82303,,,,其他,,双非,,,,1,2026-04-18 00:09:21,2026-04-18 00:09:21,
星海音乐学院,10587,,,,其他,,双非,,,,1,2026-04-18 00:09:21,2026-04-18 00:09:21,
中国建筑设计研究院,82403,,,,其他,,双非,,,,1,2026-04-18 00:09:21,2026-04-18 00:09:21,
武汉生物制品研究所,84506,,,,其他,,双非,,,,1,2026-04-18 00:09:21,2026-04-18 00:09:21,
中国测绘科学研究院,86001,,,,其他,,双非,,,,1,2026-04-18 00:09:21,2026-04-18 00:09:21,
机械科学研究总院,82701,,,,其他,,双非,,,,1,2026-04-18 00:09:21,2026-04-18 00:09:21,
海南热带海洋学院,11100,,,,其他,,双非,,,,1,2026-04-18 00:09:21,2026-04-18 00:09:21,
国家体育总局体育科学研究所,84601,,,,其他,,双非,,,,1,2026-04-18 00:09:21,2026-04-18 00:09:21,
浙江传媒学院,11647,,,,其他,,双非,,,,1,2026-04-18 00:09:21,2026-04-18 00:09:21,
武警工程大学,91039,,,,其他,,双非,,,,1,2026-04-18 00:09:21,2026-04-18 00:09:21,
中国舰船研究院,86201,,,,其他,,双非,,,,1,2026-04-18 00:09:21,2026-04-18 00:09:21,
昆明贵金属研究所,86401,,,,其他,,双非,,,,1,2026-04-18 00:09:21,2026-04-18 00:09:21,
核工业北京化工冶金研究院,82807,,,,其他,,双非,,,,1,2026-04-18 00:09:21,2026-04-18 00:09:21,
中共辽宁省委党校,89621,,,,其他,,双非,,,,1,2026-04-18 00:09:21,2026-04-18 00:09:21,
北京舞蹈学院,10051,,,,其他,,双非,,,,1,2026-04-18 00:09:21,2026-04-18 00:09:21,
核工业理化工程研究院,82804,,,,其他,,双非,,,,1,2026-04-18 00:09:21,2026-04-18 00:09:21,
中国环境科学研究院,82405,,,,其他,,双非,,,,1,2026-04-18 00:09:21,2026-04-18 00:09:21,
邵阳学院,10547,,,,其他,,双非,,,,1,2026-04-18 00:09:21,2026-04-18 00:09:21,
上海发电设备成套设计研究院,82717,,,,其他,,双非,,,,1,2026-04-18 00:09:21,2026-04-18 00:09:21,
黄冈师范学院,10514,,,,其他,,双非,,,,1,2026-04-18 00:09:21,2026-04-18 00:09:21,
陆军指挥学院,91003,,,,其他,,双非,,,,1,2026-04-18 00:09:21,2026-04-18 00:09:21,
河北工程大学,10076,,,,其他,,双非,,,,1,2026-04-18 00:09:21,2026-04-18 00:09:21,
中国地震局地震预测研究所,85405,,,,其他,,双非,,,,1,2026-04-18 00:09:21,2026-04-18 00:09:21,
北京市市政工程研究院,87111,,,,其他,,双非,,,,1,2026-04-18 00:09:21,2026-04-18 00:09:21,
榆林学院,11395,,,,其他,,双非,,,,1,2026-04-18 00:09:21,2026-04-18 00:09:21,
黑龙江省中医药科学院,87801,,,,其他,,双非,,,,1,2026-04-18 00:09:21,2026-04-18 00:09:21,
武汉船用电力推进装置研究所,86215,,,,其他,,双非,,,,1,2026-04-18 00:09:21,2026-04-18 00:09:21,
中国船舶科学研究中心,86205,,,,其他,,双非,,,,1,2026-04-18 00:09:21,2026-04-18 00:09:21,
南京体育学院,10330,,,,其他,,双非,,,,1,2026-04-18 00:09:21,2026-04-18 00:09:21,
北方自动控制技术研究所,83106,,,,其他,,双非,,,,1,2026-04-18 00:09:21,2026-04-18 00:09:21,
中国航天科技集团有限公司第五研究院西安分院,83269,,,,其他,,双非,,,,1,2026-04-18 00:09:21,2026-04-18 00:09:21,
中共四川省委党校,89651,,,,其他,,双非,,,,1,2026-04-18 00:09:21,2026-04-18 00:09:21,
中国航空研究院研究所,82927,,,,其他,,双非,,,,1,2026-04-18 00:09:21,2026-04-18 00:09:21,
中国地震局工程力学研究所,85406,,,,其他,,双非,,,,1,2026-04-18 00:09:21,2026-04-18 00:09:21,
湖北省社会科学院,88701,,,,其他,,双非,,,,1,2026-04-18 00:09:21,2026-04-18 00:09:21,
空军预警学院,91026,,,,其他,,双非,,,,1,2026-04-18 00:09:21,2026-04-18 00:09:21,
天津航海仪器研究所,86211,,,,其他,,双非,,,,1,2026-04-18 00:09:21,2026-04-18 00:09:21,
西安精密机械研究所,86212,,,,其他,,双非,,,,1,2026-04-18 00:09:21,2026-04-18 00:09:21,
淮阴师范学院,10323,,,,其他,,双非,,,,1,2026-04-18 00:09:21,2026-04-18 00:09:21,
广东省社会科学院,88901,,,,其他,,双非,,,,1,2026-04-18 00:09:21,2026-04-18 00:09:21,
电信科学技术第五研究所,84004,,,,其他,,双非,,,,1,2026-04-18 00:09:21,2026-04-18 00:09:21,
北京电子科技学院,10018,,,,其他,,双非,,,,1,2026-04-18 00:09:21,2026-04-18 00:09:21,
北京市结核病胸部肿瘤研究所,87112,,,,其他,,双非,,,,1,2026-04-18 00:09:21,2026-04-18 00:09:21,
海军大连舰艇学院,91017,,,,其他,,双非,,,,1,2026-04-18 00:09:21,2026-04-18 00:09:21,
中国北方车辆研究所,83107,,,,其他,,双非,,,,1,2026-04-18 00:09:21,2026-04-18 00:09:21,
上海立信会计金融学院,11047,,,,其他,,双非,,,,1,2026-04-18 00:09:21,2026-04-18 00:09:21,
丽水学院,10352,,,,其他,,双非,,,,1,2026-04-18 00:09:21,2026-04-18 00:09:21,
长沙矿冶研究院,82603,,,,其他,,双非,,,,1,2026-04-18 00:09:21,2026-04-18 00:09:21,
莆田学院,11498,,,,其他,,双非,,,,1,2026-04-18 00:09:21,2026-04-18 00:09:21,
东莞理工学院,11819,,,,其他,,双非,,,,1,2026-04-18 00:09:21,2026-04-18 00:09:21,
中国航空研究院所,82961,,,,其他,,双非,,,,1,2026-04-18 00:09:21,2026-04-18 00:09:21,
中共中央党校,80000,,,,其他,,双非,,,,1,2026-04-18 00:09:21,2026-04-18 00:09:21,
中国航空研究院所,82936,,,,其他,,双非,,,,1,2026-04-18 00:09:21,2026-04-18 00:09:21,
沈阳铸造研究所,82705,,,,其他,,双非,,,,1,2026-04-18 00:09:21,2026-04-18 00:09:21,
航天科工集团三院所,83245,,,,其他,,双非,,,,1,2026-04-18 00:09:21,2026-04-18 00:09:21,
山东体育学院,10457,,,,其他,,双非,,,,1,2026-04-18 00:09:21,2026-04-18 00:09:21,
冶金自动化研究设计院,82605,,,,其他,,双非,,,,1,2026-04-18 00:09:21,2026-04-18 00:09:21,
中共山东省委党校(山东行政学院）,89637,,,,其他,,双非,,,,1,2026-04-18 00:09:21,2026-04-18 00:09:21,
北京矿冶研究总院,86402,,,,其他,,双非,,,,1,2026-04-18 00:09:21,2026-04-18 00:09:21,
金陵科技学院,11048,,,,其他,,双非,,,,1,2026-04-18 00:09:21,2026-04-18 00:09:21,
中国地震局兰州地震研究所,85403,,,,其他,,双非,,,,1,2026-04-18 00:09:21,2026-04-18 00:09:21,
西南自动化研究所,83114,,,,其他,,双非,,,,1,2026-04-18 00:09:21,2026-04-18 00:09:21,
天津中德应用技术大学,12105,,,,其他,,双非,,,,1,2026-04-18 00:09:21,2026-04-18 00:09:21,
上海国际问题研究院,87902,,,,其他,,双非,,,,1,2026-04-18 00:09:21,2026-04-18 00:09:21,
上海船舶运输科学研究所,83901,,,,其他,,双非,,,,1,2026-04-18 00:09:21,2026-04-18 00:09:21,
湖南工程学院,11342,,,,其他,,双非,,,,1,2026-04-18 00:09:21,2026-04-18 00:09:21,
广西财经学院,11548,,,,其他,,双非,,,,1,2026-04-18 00:09:21,2026-04-18 00:09:21,
滨州学院,10449,,,,其他,,双非,,,,1,2026-04-18 00:09:21,2026-04-18 00:09:21,
武汉材料保护研究所,82709,,,,其他,,双非,,,,1,2026-04-18 00:09:21,2026-04-18 00:09:21,
空军勤务学院,91031,,,,其他,,双非,,,,1,2026-04-18 00:09:21,2026-04-18 00:09:21,
浙大城市学院,13021,,,,其他,,双非,,,,1,2026-04-18 00:09:21,2026-04-18 00:09:21,
长江科学院,82305,,,,其他,,双非,,,,1,2026-04-18 00:09:21,2026-04-18 00:09:21,
陆军特种作战学院,91009,,,,其他,,双非,,,,1,2026-04-18 00:09:21,2026-04-18 00:09:21,
武汉船舶通信研究所,86217,,,,其他,,双非,,,,1,2026-04-18 00:09:21,2026-04-18 00:09:21,
中国劳动关系学院,12453,,,,其他,,双非,,,,1,2026-04-18 00:09:21,2026-04-18 00:09:21,
大连测控技术研究所,86220,,,,其他,,双非,,,,1,2026-04-18 00:09:21,2026-04-18 00:09:21,
海军潜艇学院,91018,,,,其他,,双非,,,,1,2026-04-18 00:09:21,2026-04-18 00:09:21,
呼伦贝尔学院,10819,,,,其他,,双非,,,,1,2026-04-18 00:09:21,2026-04-18 00:09:21,
武警指挥学院,91038,,,,其他,,双非,,,,1,2026-04-18 00:09:21,2026-04-18 00:09:21,
中国航天科工集团第十研究院,83286,,,,其他,,双非,,,,1,2026-04-18 00:09:21,2026-04-18 00:09:21,
兰州生物制品研究所,84507,,,,其他,,双非,,,,1,2026-04-18 00:09:21,2026-04-18 00:09:21,
西藏藏医药大学,10696,,,,其他,,双非,,,,1,2026-04-18 00:09:21,2026-04-18 00:09:21,
中日友好临床医学研究所,84508,,,,其他,,双非,,,,1,2026-04-18 00:09:21,2026-04-18 00:09:21,
安徽科技学院,10879,,,,其他,,双非,,,,1,2026-04-18 00:09:21,2026-04-18 00:09:21,
中国航天空气动力技术研究院,83277,,,,其他,,双非,,,,1,2026-04-18 00:09:21,2026-04-18 00:09:21,
中共吉林省委党校,89622,,,,其他,,双非,,,,1,2026-04-18 00:09:21,2026-04-18 00:09:21,
铜仁学院,10665,,,,其他,,双非,,,,1,2026-04-18 00:09:21,2026-04-18 00:09:21,
中国航空研究院研究所,82905,,,,其他,,双非,,,,1,2026-04-18 00:09:21,2026-04-18 00:09:21,
郑州机电工程研究所,86213,,,,其他,,双非,,,,1,2026-04-18 00:09:21,2026-04-18 00:09:21,
闽江学院,10395,,,,其他,,双非,,,,1,2026-04-18 00:09:21,2026-04-18 00:09:21,
上海海关学院,10274,,,,其他,,双非,,,,1,2026-04-18 00:09:21,2026-04-18 00:09:21,
中国辐射防护研究院,82808,,,,其他,,双非,,,,1,2026-04-18 00:09:21,2026-04-18 00:09:21,
湖北经济学院,11600,,,,其他,,双非,,,,1,2026-04-18 00:09:21,2026-04-18 00:09:21,
天华化工机械及自动化研究设计院,83505,,,,其他,,双非,,,,1,2026-04-18 00:09:21,2026-04-18 00:09:21,
西北机电工程研究所,83111,,,,其他,,双非,,,,1,2026-04-18 00:09:21,2026-04-18 00:09:21,
中国飞行试验研究院,82911,,,,其他,,双非,,,,1,2026-04-18 00:09:21,2026-04-18 00:09:21,
广东金融学院,11540,,,,其他,,双非,,,,1,2026-04-18 00:09:21,2026-04-18 00:09:21,
上海商学院,12050,,,,其他,,双非,,,,1,2026-04-18 00:09:21,2026-04-18 00:09:21,
中国航空研究院所,82929,,,,其他,,双非,,,,1,2026-04-18 00:09:21,2026-04-18 00:09:21,
中国航空研究院所,82937,,,,其他,,双非,,,,1,2026-04-18 00:09:21,2026-04-18 00:09:21,
邯郸净化设备研究所,86221,,,,其他,,双非,,,,1,2026-04-18 00:09:21,2026-04-18 00:09:21,
陆军步兵学院,91005,,,,其他,,双非,,,,1,2026-04-18 00:09:21,2026-04-18 00:09:21,
山东非金属材料研究所,83115,,,,其他,,双非,,,,1,2026-04-18 00:09:21,2026-04-18 00:09:21,
陆军航空兵学院,91008,,,,其他,,双非,,,,1,2026-04-18 00:09:21,2026-04-18 00:09:21,
绵阳师范学院,10639,,,,其他,,双非,,,,1,2026-04-18 00:09:21,2026-04-18 00:09:21,
电信科学技术第一研究所,84002,,,,其他,,双非,,,,1,2026-04-18 00:09:21,2026-04-18 00:09:21,
中国航空工业空气动力研究院,82928,,,,其他,,双非,,,,1,2026-04-18 00:09:21,2026-04-18 00:09:21,
国家海洋环境预报中心,85304,,,,其他,,双非,,,,1,2026-04-18 00:09:21,2026-04-18 00:09:21,
上海航天技术研究院,83285,,,,其他,,双非,,,,1,2026-04-18 00:09:21,2026-04-18 00:09:21,
北京长城计量测试技术研究所,82932,,,,其他,,双非,,,,1,2026-04-18 00:09:21,2026-04-18 00:09:21,
河北传媒学院,12784,,,,其他,,双非,,,,1,2026-04-18 00:09:21,2026-04-18 00:09:21,
上海船舶电子设备研究所,86219,,,,其他,,双非,,,,1,2026-04-18 00:09:21,2026-04-18 00:09:21,
首都儿科研究所,87120,,,,其他,,双非,,,,1,2026-04-18 00:09:21,2026-04-18 00:09:21,
西安电子工程研究所（所）,83113,,,,其他,,双非,,,,1,2026-04-18 00:09:21,2026-04-18 00:09:21,
江苏警官学院,10329,,,,其他,,双非,,,,1,2026-04-18 00:09:21,2026-04-18 00:09:21,
攀枝花学院,11360,,,,其他,,双非,,,,1,2026-04-18 00:09:21,2026-04-18 00:09:21,
中国食品药品检定研究院,84503,,,,其他,,双非,,,,1,2026-04-18 00:09:21,2026-04-18 00:09:21,
中国航天科技集团有限公司第六研究院第十一研究所,83278,,,,其他,,双非,,,,1,2026-04-18 00:09:21,2026-04-18 00:09:21,
北京市心肺血管疾病研究所,87110,,,,其他,,双非,,,,1,2026-04-18 00:09:21,2026-04-18 00:09:21,
中国食品发酵工业研究院,83705,,,,其他,,双非,,,,1,2026-04-18 00:09:21,2026-04-18 00:09:21,
湖南人文科技学院,10553,,,,其他,,双非,,,,1,2026-04-18 00:09:21,2026-04-18 00:09:21,
西安微电子技术研究所（航天所）,83276,,,,其他,,双非,,,,1,2026-04-18 00:09:21,2026-04-18 00:09:21,
中国地震局地震研究所,85404,,,,其他,,双非,,,,1,2026-04-18 00:09:21,2026-04-18 00:09:21,
北京化工研究院,83501,,,,其他,,双非,,,,1,2026-04-18 00:09:21,2026-04-18 00:09:21,
中国建筑材料科学研究总院,84901,,,,其他,,双非,,,,1,2026-04-18 00:09:21,2026-04-18 00:09:21,
中国城市规划设计研究院,82402,,,,其他,,双非,,,,1,2026-04-18 00:09:21,2026-04-18 00:09:21,
航天科工集团三院所,83246,,,,其他,,双非,,,,1,2026-04-18 00:09:21,2026-04-18 00:09:21,
杭州应用声学研究所,86204,,,,其他,,双非,,,,1,2026-04-18 00:09:21,2026-04-18 00:09:21,
核工业北京地质研究院,82806,,,,其他,,双非,,,,1,2026-04-18 00:09:21,2026-04-18 00:09:21,
黑龙江东方学院,11446,,,,其他,,双非,,,,1,2026-04-18 00:09:21,2026-04-18 00:09:21,
中国制浆造纸研究院有限公司,83706,,,,其他,,双非,,,,1,2026-04-18 00:09:21,2026-04-18 00:09:21,
中国航空研究院所,82909,,,,其他,,双非,,,,1,2026-04-18 00:09:21,2026-04-18 00:09:21,
昆明物理研究所,83104,,,,其他,,双非,,,,1,2026-04-18 00:09:21,2026-04-18 00:09:21,
应急管理部国家自然灾害防治研究院,85407,,,,其他,,双非,,,,1,2026-04-18 00:09:21,2026-04-18 00:09:21,
国家海洋技术中心,85305,,,,其他,,双非,,,,1,2026-04-18 00:09:21,2026-04-18 00:09:21,
上海材料研究所,82707,,,,其他,,双非,,,,1,2026-04-18 00:09:21,2026-04-18 00:09:21,
中国航空研究院所,82904,,,,其他,,双非,,,,1,2026-04-18 00:09:21,2026-04-18 00:09:21,
哈尔滨船舶锅炉涡轮机研究所,86209,,,,其他,,双非,,,,1,2026-04-18 00:09:21,2026-04-18 00:09:21,
北京橡胶工业研究设计院,83504,,,,其他,,双非,,,,1,2026-04-18 00:09:21,2026-04-18 00:09:21,
重庆文理学院,10642,,,,其他,,双非,,,,1,2026-04-18 00:09:21,2026-04-18 00:09:21,
上海船舶设备研究所,86207,,,,其他,,双非,,,,1,2026-04-18 00:09:21,2026-04-18 00:09:21,
上海核工程研究设计院,82805,,,,其他,,双非,,,,1,2026-04-18 00:09:21,2026-04-18 00:09:21,
北京市科学技术研究院资源环境研究所,83702,,,,其他,,双非,,,,1,2026-04-18 00:09:21,2026-04-18 00:09:21,
北京市科学技术研究院城市安全与环境科学研究所,87102,,,,其他,,双非,,,,1,2026-04-18 00:09:21,2026-04-18 00:09:21,
电信科学技术第四研究所,84003,,,,其他,,双非,,,,1,2026-04-18 00:09:21,2026-04-18 00:09:21,
河北金融学院,11420,,,,其他,,双非,,,,1,2026-04-18 00:09:21,2026-04-18 00:09:21,
电信科学技术研究院,84001,,,,其他,,双非,,,,1,2026-04-18 00:09:21,2026-04-18 00:09:21,
云南警官学院,11392,,,,其他,,双非,,,,1,2026-04-18 00:09:21,2026-04-18 00:09:21,
核工业第二研究设计院,82803,,,,其他,,双非,,,,1,2026-04-18 00:09:21,2026-04-18 00:09:21,
中国航空工业总公司第六二八研究所,82931,,,,其他,,双非,,,,1,2026-04-18 00:09:21,2026-04-18 00:09:21,
浙江警察学院,11483,,,,其他,,双非,,,,1,2026-04-18 00:09:21,2026-04-18 00:09:21,
中国日用化学工业研究院,83704,,,,其他,,双非,,,,1,2026-04-18 00:09:21,2026-04-18 00:09:21,
湖北科技学院,10927,,,,其他,,双非,,,,1,2026-04-18 00:09:21,2026-04-18 00:09:21,
上海生物制品研究所,84505,,,,其他,,双非,,,,1,2026-04-18 00:09:21,2026-04-18 00:09:21,
北京航空精密机械研究所,82902,,,,其他,,双非,,,,1,2026-04-18 00:09:21,2026-04-18 00:09:21,
沈阳工程学院,11632,,,,其他,,双非,,,,1,2026-04-18 00:09:21,2026-04-18 00:09:21,
黑龙江省科学院,87804,,,,其他,,双非,,,,1,2026-04-18 00:09:21,2026-04-18 00:09:21,
中国航空研究院研究所,82938,,,,其他,,双非,,,,1,2026-04-18 00:09:21,2026-04-18 00:09:21,
中央司法警官学院,11903,,,,其他,,双非,,,,1,2026-04-18 00:09:21,2026-04-18 00:09:21,
洛阳船舶材料研究所,86214,,,,其他,,双非,,,,1,2026-04-18 00:09:21,2026-04-18 00:09:21,
宁波工程学院,11058,,,,其他,,双非,,,,1,2026-04-18 00:09:21,2026-04-18 00:09:21,
西安航天精密机电研究所（航天所）,83233,,,,其他,,双非,,,,1,2026-04-18 00:09:21,2026-04-18 00:09:21,
沈阳化工研究院,83503,,,,其他,,双非,,,,1,2026-04-18 00:09:21,2026-04-18 00:09:21,
中国兽医药品监察所,82110,,,,其他,,双非,,,,1,2026-04-18 00:09:21,2026-04-18 00:09:21,
战略支援部队第五十六研究所,91108,,,,其他,,双非,,,,1,2026-04-18 00:09:21,2026-04-18 00:09:21,
北京市创伤骨科研究所,87113,,,,其他,,双非,,,,1,2026-04-18 00:09:21,2026-04-18 00:09:21,
长春生物制品研究所,84509,,,,其他,,双非,,,,1,2026-04-18 00:09:21,2026-04-18 00:09:21,
内蒙金属材料研究所,83102,,,,其他,,双非,,,,1,2026-04-18 00:09:21,2026-04-18 00:09:21,
中国航发湖南动力机械研究所,82925,,,,其他,,双非,,,,1,2026-04-18 00:09:21,2026-04-18 00:09:21,
中国航空规划设计研究总院有限公司,82920,,,,其他,,双非,,,,1,2026-04-18 00:09:21,2026-04-18 00:09:21,
西安机电信息技术研究所,83109,,,,其他,,双非,,,,1,2026-04-18 00:09:21,2026-04-18 00:09:21,
西北核技术研究所,91103,,,,其他,,双非,,,,1,2026-04-18 00:09:21,2026-04-18 00:09:21,
北京大学,nan,北京,,,其他,,双非,,,,1,2026-04-18 00:09:21,2026-04-18 00:09:21,
