-- =====================================================
-- 开发环境初始数据
-- H2 Database (MySQL Compatible Mode)
-- =====================================================

-- 学科门类
INSERT INTO `subject_categories` (`id`, `name`, `code`, `sort_order`, `status`, `created_at`, `updated_at`)
VALUES
(1, '哲学', '01', 1, 1, NOW(), NOW()),
(2, '经济学', '02', 2, 1, NOW(), NOW()),
(3, '法学', '03', 3, 1, NOW(), NOW()),
(4, '教育学', '04', 4, 1, NOW(), NOW()),
(5, '文学', '05', 5, 1, NOW(), NOW()),
(6, '历史学', '06', 6, 1, NOW(), NOW()),
(7, '理学', '07', 7, 1, NOW(), NOW()),
(8, '工学', '08', 8, 1, NOW(), NOW()),
(9, '农学', '09', 9, 1, NOW(), NOW()),
(10, '医学', '10', 10, 1, NOW(), NOW()),
(11, '军事学', '11', 11, 1, NOW(), NOW()),
(12, '管理学', '12', 12, 1, NOW(), NOW()),
(13, '艺术学', '13', 13, 1, NOW(), NOW());

-- 一级学科（仅示例主要学科）
INSERT INTO `disciplines` (`id`, `category_id`, `code`, `name`, `status`, `created_at`, `updated_at`)
VALUES
(1, 8, '0801', '力学', 1, NOW(), NOW()),
(2, 8, '0802', '机械工程', 1, NOW(), NOW()),
(3, 8, '0803', '光学工程', 1, NOW(), NOW()),
(4, 8, '0804', '仪器科学与技术', 1, NOW(), NOW()),
(5, 8, '0805', '材料科学与工程', 1, NOW(), NOW()),
(6, 8, '0806', '冶金工程', 1, NOW(), NOW()),
(7, 8, '0807', '动力工程及工程热物理', 1, NOW(), NOW()),
(8, 8, '0808', '电气工程', 1, NOW(), NOW()),
(9, 8, '0809', '电子科学与技术', 1, NOW(), NOW()),
(10, 8, '0810', '信息与通信工程', 1, NOW(), NOW()),
(11, 8, '0811', '控制科学与工程', 1, NOW(), NOW()),
(12, 8, '0812', '计算机科学与技术', 1, NOW(), NOW()),
(13, 8, '0813', '建筑学', 1, NOW(), NOW()),
(14, 8, '0814', '土木工程', 1, NOW(), NOW()),
(15, 8, '0815', '水利工程', 1, NOW(), NOW()),
(16, 8, '0816', '测绘科学与技术', 1, NOW(), NOW()),
(17, 8, '0817', '化学工程与技术', 1, NOW(), NOW()),
(18, 8, '0818', '地质资源与地质工程', 1, NOW(), NOW()),
(19, 8, '0819', '矿业工程', 1, NOW(), NOW()),
(20, 8, '0820', '石油与天然气工程', 1, NOW(), NOW()),
(21, 8, '0821', '纺织科学与工程', 1, NOW(), NOW()),
(22, 8, '0822', '轻工技术与工程', 1, NOW(), NOW()),
(23, 8, '0823', '交通运输工程', 1, NOW(), NOW()),
(24, 8, '0824', '船舶与海洋工程', 1, NOW(), NOW()),
(25, 8, '0825', '航空宇航科学与技术', 1, NOW(), NOW()),
(26, 8, '0826', '兵器科学与技术', 1, NOW(), NOW()),
(27, 8, '0827', '核科学与技术', 1, NOW(), NOW()),
(28, 8, '0828', '农业工程', 1, NOW(), NOW()),
(29, 8, '0829', '林业工程', 1, NOW(), NOW()),
(30, 8, '0830', '环境科学与工程', 1, NOW(), NOW()),
(31, 8, '0831', '生物医学工程', 1, NOW(), NOW()),
(32, 8, '0832', '食品科学与工程', 1, NOW(), NOW()),
(33, 8, '0833', '城乡规划学', 1, NOW(), NOW()),
(34, 8, '0834', '风景园林学', 1, NOW(), NOW()),
(35, 8, '0835', '软件工程', 1, NOW(), NOW()),
(36, 8, '0836', '生物工程', 1, NOW(), NOW()),
(37, 8, '0837', '安全科学与工程', 1, NOW(), NOW()),
(38, 8, '0838', '公安技术', 1, NOW(), NOW()),
(39, 8, '0839', '网络空间安全', 1, NOW(), NOW()),
(40, 7, '0701', '数学', 1, NOW(), NOW()),
(41, 7, '0702', '物理学', 1, NOW(), NOW()),
(42, 7, '0703', '化学', 1, NOW(), NOW()),
(43, 2, '0201', '理论经济学', 1, NOW(), NOW()),
(44, 2, '0202', '应用经济学', 1, NOW(), NOW()),
(45, 12, '1201', '管理科学与工程', 1, NOW(), NOW()),
(46, 12, '1202', '工商管理', 1, NOW(), NOW()),
(47, 12, '1203', '农林经济管理', 1, NOW(), NOW()),
(48, 12, '1204', '公共管理', 1, NOW(), NOW()),
(49, 12, '1205', '图书情报与档案管理', 1, NOW(), NOW()),
(50, 5, '0501', '中国语言文学', 1, NOW(), NOW()),
(51, 5, '0502', '外国语言文学', 1, NOW(), NOW()),
(52, 5, '0503', '新闻传播学', 1, NOW(), NOW());

-- 示例院校（985高校）
INSERT INTO `schools` (`id`, `name`, `code`, `province`, `city`, `level`, `type`, `belong`, `enrollment_unit`, `address`, `introduction`, `established_year`, `longitude`, `latitude`, `website`, `status`, `created_at`, `updated_at`)
VALUES
(1, '北京大学', '10001', '北京', '北京市', '985', '综合类', '教育部', '研究生院', '北京市海淀区颐和园路5号', '北京大学创办于1898年，是中华人民共和国教育部直属的全国重点大学，位列双一流、985工程、211工程。', 1898, 116.310316, 39.992682, 'https://www.pku.edu.cn', 1, NOW(), NOW()),
(2, '清华大学', '10003', '北京', '北京市', '985', '理工类', '教育部', '研究生院', '北京市海淀区清华园', '清华大学始建于1911年，是中华人民共和国教育部直属的全国重点大学，位列双一流、985工程、211工程。', 1911, 116.326388, 39.999722, 'https://www.tsinghua.edu.cn', 1, NOW(), NOW()),
(3, '复旦大学', '10246', '上海', '上海市', '985', '综合类', '教育部', '研究生院', '上海市邯郸路220号', '复旦大学创建于1905年，是中华人民共和国教育部直属的全国重点大学，位列双一流、985工程、211工程。', 1905, 121.505755, 31.289518, 'https://www.fudan.edu.cn', 1, NOW(), NOW()),
(4, '上海交通大学', '10248', '上海', '上海市', '985', '综合类', '教育部', '研究生院', '上海市东川路800号', '上海交通大学创建于1896年，是中华人民共和国教育部直属的全国重点大学，位列双一流、985工程、211工程。', 1896, 121.441056, 31.034078, 'https://www.sjtu.edu.cn', 1, NOW(), NOW()),
(5, '浙江大学', '10335', '浙江', '杭州市', '985', '综合类', '教育部', '研究生院', '杭州市西湖区余杭塘路866号', '浙江大学创立于1897年，是中华人民共和国教育部直属的全国重点大学，位列双一流、985工程、211工程。', 1897, 120.089034, 30.277120, 'https://www.zju.edu.cn', 1, NOW(), NOW()),
(6, '南京大学', '10284', '江苏', '南京市', '985', '综合类', '教育部', '研究生院', '南京市仙林大道163号', '南京大学创建于1902年，是中华人民共和国教育部直属的全国重点大学，位列双一流、985工程、211工程。', 1902, 118.956806, 32.115688, 'https://www.nju.edu.cn', 1, NOW(), NOW()),
(7, '中国科学技术大学', '10358', '安徽', '合肥市', '985', '理工类', '中国科学院', '研究生院', '合肥市金寨路96号', '中国科学技术大学创建于1958年，是中国科学院直属的全国重点大学，位列双一流、985工程、211工程。', 1958, 117.260215, 31.837065, 'https://www.ustc.edu.cn', 1, NOW(), NOW()),
(8, '华中科技大学', '10487', '湖北', '武汉市', '985', '综合类', '教育部', '研究生院', '武汉市珞喻路1037号', '华中科技大学创建于1952年，是中华人民共和国教育部直属的全国重点大学，位列双一流、985工程、211工程。', 1952, 114.420683, 30.521197, 'https://www.hust.edu.cn', 1, NOW(), NOW()),
(9, '武汉大学', '10486', '湖北', '武汉市', '985', '综合类', '教育部', '研究生院', '武汉市珞珈山街道16号', '武汉大学创建于1893年，是中华人民共和国教育部直属的全国重点大学，位列双一流、985工程、211工程。', 1893, 114.362789, 30.542918, 'https://www.whu.edu.cn', 1, NOW(), NOW()),
(10, '西安交通大学', '10698', '陕西', '西安市', '985', '综合类', '教育部', '研究生院', '西安市咸宁西路28号', '西安交通大学创建于1896年，是中华人民共和国教育部直属的全国重点大学，位列双一流、985工程、211工程。', 1896, 108.950946, 34.251045, 'https://www.xjtu.edu.cn', 1, NOW(), NOW()),
(11, '哈尔滨工业大学', '10213', '黑龙江', '哈尔滨市', '985', '理工类', '工业和信息化部', '研究生院', '哈尔滨市西大直街92号', '哈尔滨工业大学创建于1920年，是工业和信息化部直属的全国重点大学，位列双一流、985工程、211工程。', 1920, 126.632541, 45.745012, 'https://www.hit.edu.cn', 1, NOW(), NOW()),
(12, '中山大学', '10558', '广东', '广州市', '985', '综合类', '教育部', '研究生院', '广州市新港西路135号', '中山大学创建于1924年，是中华人民共和国教育部直属的全国重点大学，位列双一流、985工程、211工程。', 1924, 113.293512, 23.099148, 'https://www.sysu.edu.cn', 1, NOW(), NOW()),
(13, '四川大学', '10610', '四川', '成都市', '985', '综合类', '教育部', '研究生院', '成都市一环路南一段24号', '四川大学创建于1896年，是中华人民共和国教育部直属的全国重点大学，位列双一流、985工程、211工程。', 1896, 104.088312, 30.636278, 'https://www.scu.edu.cn', 1, NOW(), NOW()),
(14, '南开大学', '10055', '天津', '天津市', '985', '综合类', '教育部', '研究生院', '天津市卫津路94号', '南开大学创建于1919年，是中华人民共和国教育部直属的全国重点大学，位列双一流、985工程、211工程。', 1919, 117.172421, 39.103199, 'https://www.nankai.edu.cn', 1, NOW(), NOW()),
(15, '北京航空航天大学', '10006', '北京', '北京市', '985', '理工类', '工业和信息化部', '研究生院', '北京市学院路37号', '北京航空航天大学创建于1952年，是工业和信息化部直属的全国重点大学，位列双一流、985工程、211工程。', 1952, 116.346066, 39.978560, 'https://www.buaa.edu.cn', 1, NOW(), NOW());

-- 示例专业
INSERT INTO `majors` (`id`, `discipline_id`, `category_id`, `code`, `name`, `type`, `degree_type`, `full_time`, `duration`, `status`, `created_at`, `updated_at`)
VALUES
(1, 12, 8, '081200', '计算机科学与技术', '学硕', '工学硕士', 1, 3, 1, NOW(), NOW()),
(2, 12, 8, '085404', '计算机技术', '专硕', '电子信息硕士', 1, 3, 1, NOW(), NOW()),
(3, 35, 8, '083500', '软件工程', '学硕', '工学硕士', 1, 3, 1, NOW(), NOW()),
(4, 11, 8, '081100', '控制科学与工程', '学硕', '工学硕士', 1, 3, 1, NOW(), NOW()),
(5, 10, 8, '081000', '信息与通信工程', '学硕', '工学硕士', 1, 3, 1, NOW(), NOW()),
(6, 40, 7, '070100', '数学', '学硕', '理学硕士', 1, 3, 1, NOW(), NOW()),
(7, 41, 7, '070200', '物理学', '学硕', '理学硕士', 1, 3, 1, NOW(), NOW()),
(8, 44, 2, '020200', '应用经济学', '学硕', '经济学硕士', 1, 3, 1, NOW(), NOW()),
(9, 46, 12, '120200', '工商管理', '学硕', '管理学硕士', 1, 3, 1, NOW(), NOW()),
(10, 48, 12, '120400', '公共管理', '学硕', '管理学硕士', 1, 3, 1, NOW(), NOW());

-- 院校-专业关联
INSERT INTO `school_majors` (`school_id`, `major_id`, `status`, `created_at`, `updated_at`)
VALUES
(1, 1, 1, NOW(), NOW()),
(1, 3, 1, NOW(), NOW()),
(1, 6, 1, NOW(), NOW()),
(2, 1, 1, NOW(), NOW()),
(2, 2, 1, NOW(), NOW()),
(2, 3, 1, NOW(), NOW()),
(2, 5, 1, NOW(), NOW()),
(3, 1, 1, NOW(), NOW()),
(3, 8, 1, NOW(), NOW()),
(4, 1, 1, NOW(), NOW()),
(4, 2, 1, NOW(), NOW()),
(4, 4, 1, NOW(), NOW()),
(5, 1, 1, NOW(), NOW()),
(5, 3, 1, NOW(), NOW()),
(5, 6, 1, NOW(), NOW()),
(5, 8, 1, NOW(), NOW()),
(6, 1, 1, NOW(), NOW()),
(6, 6, 1, NOW(), NOW()),
(7, 1, 1, NOW(), NOW()),
(7, 7, 1, NOW(), NOW()),
(8, 1, 1, NOW(), NOW()),
(8, 2, 1, NOW(), NOW()),
(8, 4, 1, NOW(), NOW()),
(9, 1, 1, NOW(), NOW()),
(9, 5, 1, NOW(), NOW()),
(10, 1, 1, NOW(), NOW()),
(10, 8, 1, NOW(), NOW()),
(11, 1, 1, NOW(), NOW()),
(11, 2, 1, NOW(), NOW()),
(12, 1, 1, NOW(), NOW()),
(12, 8, 1, NOW(), NOW()),
(13, 1, 1, NOW(), NOW()),
(14, 1, 1, NOW(), NOW()),
(14, 8, 1, NOW(), NOW()),
(15, 1, 1, NOW(), NOW()),
(15, 2, 1, NOW(), NOW()),
(15, 4, 1, NOW(), NOW()),
(15, 5, 1, NOW(), NOW()),
(15, 7, 1, NOW(), NOW());

-- 录取数据（2022-2024年示例）
INSERT INTO `admission_data` (`school_id`, `major_id`, `year`, `plan_enroll`, `actual_enroll`, `recommended_count`, `admission_ratio`, `retest_total_score`, `single_subject_score`, `average_admission_score`, `created_at`, `updated_at`)
VALUES
-- 北京大学 计算机科学与技术
(1, 1, 2024, 15, 18, 8, '12:1', 350, 90, 385, NOW(), NOW()),
(1, 1, 2023, 14, 16, 7, '11:1', 345, 90, 380, NOW(), NOW()),
(1, 1, 2022, 12, 14, 6, '10:1', 340, 85, 375, NOW(), NOW()),
-- 清华大学 计算机科学与技术
(2, 1, 2024, 18, 20, 10, '15:1', 360, 95, 390, NOW(), NOW()),
(2, 1, 2023, 16, 18, 8, '13:1', 355, 90, 385, NOW(), NOW()),
(2, 1, 2022, 14, 16, 7, '12:1', 350, 90, 380, NOW(), NOW()),
-- 浙江大学 计算机科学与技术
(5, 1, 2024, 20, 22, 10, '10:1', 345, 85, 380, NOW(), NOW()),
(5, 1, 2023, 18, 20, 8, '9:1', 340, 85, 375, NOW(), NOW()),
(5, 1, 2022, 16, 18, 7, '8:1', 335, 80, 370, NOW(), NOW()),
-- 华中科技大学 计算机技术（专硕）
(8, 2, 2024, 45, 50, 5, '6:1', 330, 80, 365, NOW(), NOW()),
(8, 2, 2023, 40, 45, 4, '5.5:1', 325, 78, 360, NOW(), NOW()),
(8, 2, 2022, 35, 40, 3, '5:1', 320, 75, 355, NOW(), NOW()),
-- 上海交通大学 控制科学与工程
(4, 4, 2024, 12, 14, 6, '8:1', 340, 85, 370, NOW(), NOW()),
(4, 4, 2023, 10, 12, 5, '7:1', 335, 85, 365, NOW(), NOW()),
-- 武汉大学 信息与通信工程
(9, 5, 2024, 15, 17, 5, '7:1', 330, 80, 360, NOW(), NOW()),
(9, 5, 2023, 12, 14, 4, '6.5:1', 325, 78, 355, NOW(), NOW());

-- 系统配置
INSERT INTO `system_configs` (`config_key`, `config_value`, `description`, `status`, `created_at`, `updated_at`)
VALUES
('site_name', '研校地图', '站点名称', 1, NOW(), NOW()),
('site_description', '考研院校信息查询与对比平台', '站点描述', 1, NOW(), NOW()),
('data_version', '1.0.0', '数据版本', 1, NOW(), NOW());
